Date,Open,High,Low,Close,Adj Close,Volume,Day
"Sep 18, 2024",397.4,408.74,397.38,403.17,403.17,"1,108,453",1258
"Sep 17, 2024",390.68,399.87,390,397,397,"1,407,200",1257
"Sep 16, 2024",377.51,392.05,377.51,389.29,389.29,"1,144,900",1256
"Sep 13, 2024",375.99,382.84,375,378.34,378.34,"762,400",1255
"Sep 12, 2024",373,377.02,366.01,373.08,373.08,"735,000",1254
"Sep 11, 2024",375.07,375.07,367.51,372.3,372.3,"727,600",1253
"Sep 10, 2024",377.53,377.53,356.02,373.5,373.5,"2,032,500",1252
"Sep 9, 2024",368.25,383.5,368,381.57,381.57,"1,498,300",1251
"Sep 6, 2024",364.43,369.13,361.82,367.59,367.59,"1,077,300",1250
"Sep 5, 2024",361.97,366.54,361,363.78,363.78,"885,300",1249
"Sep 4, 2024",357,365.89,356.68,359.92,359.92,"1,155,000",1248
"Sep 3, 2024",352,367.58,350.1,358.8,358.8,"2,316,300",1247
"Aug 30, 2024",344.09,361.43,342,352.84,352.84,"4,999,800",1246
"Aug 29, 2024",368.53,375.61,367.21,367.58,367.58,"2,271,200",1245
"Aug 28, 2024",368.26,376.7,366.74,366.82,366.82,"1,331,000",1244
"Aug 27, 2024",372.47,373.49,367.93,371.35,371.35,"972,400",1243
"Aug 26, 2024",377.33,381.17,372.75,374.98,374.98,"878,200",1242
"Aug 23, 2024",372.69,379.82,372.29,378.65,378.65,"987,900",1241
"Aug 22, 2024",382.13,383.25,373,374.26,374.26,"1,139,100",1240
"Aug 21, 2024",374.74,386.04,374.74,380.92,380.92,"1,529,300",1239
"Aug 20, 2024",376.34,378.1,368.84,369.05,369.05,"1,545,400",1238
"Aug 19, 2024",382.51,392.61,376.1,377.06,377.06,"2,648,600",1237
"Aug 16, 2024",368,383.71,367.02,377.23,377.23,"2,942,800",1236
"Aug 15, 2024",371.64,373,358.35,365.8,365.8,"4,424,900",1235
"Aug 14, 2024",330.04,332.92,325,329.05,329.05,"970,800",1234
"Aug 13, 2024",320.35,333.13,318.27,331.56,331.56,"1,059,400",1233
"Aug 12, 2024",321.25,326.39,318.17,320.55,320.55,"843,600",1232
"Aug 9, 2024",325.86,327.78,321.82,322.17,322.17,"919,600",1231
"Aug 8, 2024",322.25,330.71,322.18,327.11,327.11,"749,900",1230
"Aug 7, 2024",327.12,332.5,320.79,321.31,321.31,"785,700",1229
"Aug 6, 2024",327.26,331.15,325.84,326.42,326.42,"847,200",1228
"Aug 5, 2024",333.47,336.4,326.93,327.28,327.28,"1,076,600",1227
"Aug 2, 2024",345.64,346.51,338.11,341.01,341.01,"959,300",1226
"Aug 1, 2024",364.64,364.87,345.33,349.95,349.95,"1,216,500",1225
"Jul 31, 2024",369.76,373.05,364.66,364.89,364.89,"693,000",1224
"Jul 30, 2024",364,368.39,361.4,367.53,367.53,"893,900",1223
"Jul 29, 2024",371.8,372.09,362.1,366.61,366.61,"1,079,100",1222
"Jul 26, 2024",364.13,372.37,362.49,369.46,369.46,"1,022,900",1221
"Jul 25, 2024",372,372.84,363.01,363.3,363.3,"1,164,300",1220
"Jul 24, 2024",379.5,381,364.67,369.61,369.61,"1,507,900",1219
"Jul 23, 2024",389.87,395.67,388.98,389.29,389.29,"557,400",1218
"Jul 22, 2024",390.92,392.45,382.21,391.67,391.67,"596,800",1217
"Jul 19, 2024",394.6,394.68,387,390.92,390.92,"897,300",1216
"Jul 18, 2024",396.99,402.08,390.64,393.12,393.12,"786,200",1215
"Jul 17, 2024",407.65,407.86,398.22,400.47,400.47,"737,500",1214
"Jul 16, 2024",399.46,412.64,396.28,409.7,409.7,"763,400",1213
"Jul 15, 2024",404,406.48,393.01,395.16,395.16,"1,148,700",1212
"Jul 12, 2024",404.63,413.88,401.08,412.94,412.94,"845,600",1211
"Jul 11, 2024",396.25,403.7,395,400.82,400.82,"627,500",1210
"Jul 10, 2024",395.03,398.46,392.84,396.03,396.03,"631,100",1209
"Jul 9, 2024",395.38,398.59,391.41,396.01,396.01,"644,000",1208
"Jul 8, 2024",392.27,403.26,391.24,395.82,395.82,"912,300",1207
"Jul 5, 2024",390,390.67,384.89,390,390,"550,200",1206
"Jul 3, 2024",393,396.99,388,389.67,389.67,"431,400",1205
"Jul 2, 2024",384.5,394.49,383.98,393.02,393.02,"749,500",1204
"Jul 1, 2024",385.87,390.5,381.96,384.41,384.41,"862,000",1203
"Jun 28, 2024",385.98,388.02,382.46,385.87,385.87,"818,000",1202
"Jun 27, 2024",389,391.43,383.1,385.95,385.95,"932,700",1201
"Jun 26, 2024",388,390.34,386.33,387.88,387.88,"489,300",1200
"Jun 25, 2024",390.2,392.44,386.12,388.19,388.19,"595,200",1199
"Jun 24, 2024",383.85,394.82,383,389.72,389.72,"834,100",1198
"Jun 21, 2024",380.8,385.67,379.64,383.85,383.85,"1,348,400",1197
"Jun 20, 2024",381.85,384.77,376.39,378.4,378.4,"995,300",1196
"Jun 18, 2024",388,390.63,382.28,382.59,382.59,"778,600",1195
"Jun 17, 2024",390.11,391.5,385.4,389.15,389.15,"670,900",1194
"Jun 14, 2024",395.25,396.71,388.5,390.82,390.82,"781,200",1193
"Jun 13, 2024",393,399.18,392.43,396.39,396.39,"981,900",1192
"Jun 12, 2024",389.75,394.56,386.25,390.12,390.12,"916,500",1191
"Jun 11, 2024",381.99,387.82,380.24,387.69,387.69,"965,700",1190
"Jun 10, 2024",381.55,382.66,376.56,382.5,382.5,"793,400",1189
"Jun 7, 2024",383.09,385.37,380.4,382.61,382.61,"758,200",1188
"Jun 6, 2024",384.43,389.13,382.27,384.88,384.88,"684,400",1187
"Jun 5, 2024",390,390.97,385.09,387.16,387.16,"820,400",1186
"Jun 4, 2024",386.99,396.31,386.5,389.41,389.41,"872,700",1185
"Jun 3, 2024",394.4,399.81,386.09,389.91,389.91,"1,188,500",1184
"May 31, 2024",421.21,421.21,382.12,395.09,395.09,"3,378,100",1183
"May 30, 2024",381.65,388.89,380.74,385.58,385.58,"2,349,900",1182
"May 29, 2024",379,386.46,377.82,378.28,378.28,"1,264,600",1181
"May 28, 2024",381.35,386,377.69,381.13,381.13,"968,500",1180
"May 24, 2024",375.33,383.41,375.31,381.78,381.78,"967,800",1179
"May 23, 2024",380.25,380.8,376.02,376.14,376.14,"850,100",1178
"May 22, 2024",383.1,383.1,376.91,378.33,378.33,"769,800",1177
"May 21, 2024",386.51,388.76,378.09,381.83,381.83,"940,900",1176
"May 20, 2024",392.66,394.98,386.01,386.5,386.5,"1,016,800",1175
"May 17, 2024",402.37,402.37,396.06,399.56,399.56,"533,500",1174
"May 16, 2024",401.84,406.98,400.6,401.04,401.04,"516,900",1173
"May 15, 2024",406.31,407,401.58,403.41,403.41,"501,000",1172
"May 14, 2024",407.4,409.59,401.3,401.68,401.68,"665,700",1171
"May 13, 2024",404.45,411.6,401.32,403.96,403.96,"708,300",1170
"May 10, 2024",397,402.82,397,401.59,401.59,"664,600",1169
"May 9, 2024",389.18,397.14,388,396.67,396.67,"602,600",1168
"May 8, 2024",393.51,397.99,387.23,388.48,388.48,"699,400",1167
"May 7, 2024",393.5,398.8,390.77,393.67,393.67,"789,000",1166
"May 6, 2024",397.28,398.66,392.75,394.88,394.88,"909,500",1165
"May 3, 2024",402.5,404.51,397.28,397.39,397.39,"591,300",1164
"May 2, 2024",402.52,405.18,396.73,397.33,397.33,"639,800",1163
"May 1, 2024",403.14,404.51,398.45,402.11,402.11,"575,700",1162
"Apr 30, 2024",410.04,412.04,402,404.84,404.84,"904,700",1161
"Apr 29, 2024",404.86,410.04,404.14,410.04,410.04,"673,800",1160
"Apr 26, 2024",405.62,411.35,402.95,406.39,406.39,"637,700",1159
"Apr 25, 2024",409.35,409.35,403.13,408.01,408.01,"707,100",1158
"Apr 24, 2024",414.63,417.87,407.16,410.55,410.55,"866,400",1157
"Apr 23, 2024",420.86,424.85,417.27,419.27,419.27,"692,300",1156
"Apr 22, 2024",417.43,419.29,412.64,417.98,417.98,"635,300",1155
"Apr 19, 2024",413.83,418.79,411,413.5,413.5,"1,063,400",1154
"Apr 18, 2024",428.82,428.82,416.58,425.11,425.11,"862,500",1153
"Apr 17, 2024",428.8,429.92,423.68,424.55,424.55,"947,400",1152
"Apr 16, 2024",430.9,432.46,422.1,424.17,424.17,"1,144,500",1151
"Apr 15, 2024",444.36,444.87,431.68,433.24,433.24,"904,800",1150
"Apr 12, 2024",445.55,448.5,441,442.32,442.32,"487,200",1149
"Apr 11, 2024",454.66,455.08,446.74,447.91,447.91,"450,200",1148
"Apr 10, 2024",449.99,453.7,446.23,450.95,450.95,"876,100",1147
"Apr 9, 2024",450.1,455.33,450,454.8,454.8,"595,000",1146
"Apr 8, 2024",453.48,457.75,450.79,452.78,452.78,"967,300",1145
"Apr 5, 2024",447.23,455.4,441.42,444.75,444.75,"1,285,600",1144
"Apr 4, 2024",443.91,467.49,443.58,448.64,448.64,"2,916,900",1143
"Apr 3, 2024",469.57,474.12,438.67,439.98,439.98,"4,214,300",1142
"Apr 2, 2024",527.5,528.8,516.46,519.68,519.68,"609,400",1141
"Apr 1, 2024",520.84,529.67,520.84,529.01,529.01,"647,000",1140
"Mar 28, 2024",515.67,525.77,513.68,522.88,522.88,"804,500",1139
"Mar 27, 2024",515.64,516.66,507.02,513.52,513.52,"923,000",1138
"Mar 26, 2024",505.66,514.68,505,514.34,514.34,"866,700",1137
"Mar 25, 2024",521.97,523.54,505.26,505.57,505.57,"773,700",1136
"Mar 22, 2024",522,526.58,515.27,520.37,520.37,"1,061,000",1135
"Mar 21, 2024",523.96,531.11,521.24,523.55,523.55,"967,900",1134
"Mar 20, 2024",528.63,532.7,522.9,523.96,523.96,"694,700",1133
"Mar 19, 2024",535.08,535.08,524.47,529.08,529.08,"811,500",1132
"Mar 18, 2024",534.36,544.36,525.67,532.33,532.33,"1,064,500",1131
"Mar 15, 2024",504,546.58,502.2,535.98,535.98,"2,890,900",1130
"Mar 14, 2024",572.62,574.76,561.21,565.44,565.44,"1,399,900",1129
"Mar 13, 2024",559.83,572.48,558.33,567.18,567.18,"815,600",1128
"Mar 12, 2024",549.13,556.88,548.15,555.57,555.57,"558,200",1127
"Mar 11, 2024",540.62,549.22,538.54,548.56,548.56,"626,200",1126
"Mar 8, 2024",549.67,551.12,540.12,540.22,540.22,"499,400",1125
"Mar 7, 2024",550.14,554.5,546.36,548.32,548.32,"371,900",1124
"Mar 6, 2024",555.1,555.1,543.63,548.3,548.3,"457,900",1123
"Mar 5, 2024",548,554.74,539.13,549.46,549.46,"545,100",1122
"Mar 4, 2024",545.88,551.84,542.84,546.54,546.54,"481,400",1121
"Mar 1, 2024",548.31,553.42,543.37,549.98,549.98,"548,700",1120
"Feb 29, 2024",559.26,559.26,546.78,548.56,548.56,"1,022,500",1119
"Feb 28, 2024",559.22,563.17,556.92,559.16,559.16,"343,800",1118
"Feb 27, 2024",555.59,562.8,554.66,561.41,561.41,"428,100",1117
"Feb 26, 2024",550.17,557.98,548.93,556.32,556.32,"396,100",1116
"Feb 23, 2024",547.47,553.65,544.99,549.78,549.78,"371,700",1115
"Feb 22, 2024",541.2,547.48,538.67,544.06,544.06,"478,700",1114
"Feb 21, 2024",543.39,548.6,536,538.79,538.79,"723,000",1113
"Feb 20, 2024",529,542.8,528.75,541.29,541.29,"702,300",1112
"Feb 16, 2024",528.41,536.85,527.2,532.09,532.09,"353,300",1111
"Feb 15, 2024",533.74,536.88,528.84,529.88,529.88,"467,800",1110
"Feb 14, 2024",531.21,533.75,521.71,526.59,526.59,"543,700",1109
"Feb 13, 2024",517.89,532.43,514.97,531.06,531.06,"753,500",1108
"Feb 12, 2024",524.01,527.66,520.79,525.06,525.06,"529,600",1107
"Feb 9, 2024",521,524.34,517.16,522.63,522.63,"489,500",1106
"Feb 8, 2024",516.22,522.16,513.3,519.12,519.12,"667,900",1105
"Feb 7, 2024",506.89,516.91,504.58,514.04,514.04,"799,900",1104
"Feb 6, 2024",503.71,504.16,496.1,502,502,"636,500",1103
"Feb 5, 2024",506.51,509.27,496.74,502.38,502.38,"620,200",1102
"Feb 2, 2024",500.46,510.05,491.52,505.33,505.33,"590,300",1101
"Feb 1, 2024",506.55,508.08,499.11,503.52,503.52,"551,300",1100
"Jan 31, 2024",508.74,510.86,500.84,502.05,502.05,"561,400",1099
"Jan 30, 2024",505.77,511.58,501.86,508.74,508.74,"831,700",1098
"Jan 29, 2024",493.06,509.6,493.06,507.99,507.99,"910,700",1097
"Jan 26, 2024",496.34,499.42,488.74,493.59,493.59,"706,400",1096
"Jan 25, 2024",480.34,493.54,479.24,493.22,493.22,"798,100",1095
"Jan 24, 2024",481,484.28,473.71,478.77,478.77,"560,000",1094
"Jan 23, 2024",480,480.84,474.84,479.9,479.9,"525,400",1093
"Jan 22, 2024",474.52,478.24,471.33,476.9,476.9,"436,900",1092
"Jan 19, 2024",479.68,479.68,468.61,472.57,472.57,"517,100",1091
"Jan 18, 2024",472.24,476.96,470.49,475.5,475.5,"402,100",1090
"Jan 17, 2024",471.63,476.12,470.09,472.76,472.76,"440,100",1089
"Jan 16, 2024",480.97,483.6,475.25,476.01,476.01,"761,100",1088
"Jan 12, 2024",486.59,486.96,480.64,482.08,482.08,"443,200",1087
"Jan 11, 2024",483.84,484.38,475.19,482.83,482.83,"555,300",1086
"Jan 10, 2024",483.5,487.49,478.91,480.91,480.91,"462,900",1085
"Jan 9, 2024",482.6,489.1,482.6,485.06,485.06,"567,900",1084
"Jan 8, 2024",471.59,483.46,469.49,482.96,482.96,"622,700",1083
"Jan 5, 2024",465.53,476.45,464.81,471.12,471.12,"473,500",1082
"Jan 4, 2024",474.61,475.3,468.79,468.92,468.92,"481,300",1081
"Jan 3, 2024",485.18,486.48,472.81,473.82,473.82,"594,800",1080
"Jan 2, 2024",485.25,492.11,483.59,486.61,486.61,"480,700",1079
"Dec 29, 2023",487.73,491.65,486.36,489.99,489.99,"460,800",1078
"Dec 28, 2023",485,487.64,483.14,486.84,486.84,"328,900",1077
"Dec 27, 2023",477.42,483.28,477.42,483.26,483.26,"369,400",1076
"Dec 26, 2023",473.23,477.65,470.72,477.38,477.38,"497,900",1075
"Dec 22, 2023",475.79,476.9,469.27,471.36,471.36,"513,900",1074
"Dec 21, 2023",481,485.33,475.62,477.47,477.47,"581,700",1073
"Dec 20, 2023",485.73,489.65,477.44,477.57,477.57,"530,300",1072
"Dec 19, 2023",490.86,493.54,487.13,489.43,489.43,"505,500",1071
"Dec 18, 2023",490.95,493.18,486.15,488.48,488.48,"517,000",1070
"Dec 15, 2023",492.69,494.54,488,490.63,490.63,"1,071,200",1069
"Dec 14, 2023",494.33,497.41,492.25,494.63,494.63,"671,500",1068
"Dec 13, 2023",493.23,496.92,487.01,493.12,493.12,"689,700",1067
"Dec 12, 2023",485,493.99,482.66,493.03,493.03,"728,800",1066
"Dec 11, 2023",484.76,484.76,477.43,482.64,482.64,"813,100",1065
"Dec 8, 2023",489.38,489.38,481.98,482.16,482.16,"586,000",1064
"Dec 7, 2023",493.86,495.89,486.64,489.85,489.85,"568,400",1063
"Dec 6, 2023",484,497.07,481.5,494.51,494.51,"950,400",1062
"Dec 5, 2023",483.46,488.86,480.26,481.42,481.42,"921,800",1061
"Dec 4, 2023",472.32,487.6,471.79,486.76,486.76,"1,613,700",1060
"Dec 1, 2023",475.2,479.27,465,472.03,472.03,"3,578,600",1059
"Nov 30, 2023",426.75,427.8,419.3,425.99,425.99,"2,126,100",1058
"Nov 29, 2023",418.34,423.45,416.59,420.01,420.01,"918,400",1057
"Nov 28, 2023",414.14,421.22,414,417.96,417.96,"595,000",1056
"Nov 27, 2023",412.75,417.83,411.44,414.75,414.75,"703,800",1055
"Nov 24, 2023",411.94,417.98,411.94,414.72,414.72,"395,900",1054
"Nov 22, 2023",408.71,412.09,405.83,409.49,409.49,"434,300",1053
"Nov 21, 2023",406,407.26,401.01,404.92,404.92,"553,500",1052
"Nov 20, 2023",406.18,408.65,402.63,405.61,405.61,"620,500",1051
"Nov 17, 2023",410.03,410.64,405.75,409.27,409.27,"554,800",1050
"Nov 16, 2023",412.27,416.13,403.42,405.55,405.55,"868,400",1049
"Nov 15, 2023",405.13,417.41,403.83,415.33,415.33,"1,257,600",1048
"Nov 14, 2023",395.45,403.36,393.97,397.93,397.93,"835,900",1047
"Nov 13, 2023",389.18,392.86,387.15,390.5,390.5,"423,400",1046
"Nov 10, 2023",389.34,391.5,385,389.71,389.71,"559,600",1045
"Nov 9, 2023",394.09,396.57,388.52,388.85,388.85,"528,500",1044
"Nov 8, 2023",397.01,401.64,392.48,392.78,392.78,"588,200",1043
"Nov 7, 2023",386.5,396.78,386.5,395.58,395.58,"741,000",1042
"Nov 6, 2023",388.57,393.47,385.34,385.98,385.98,"520,600",1041
"Nov 3, 2023",382.15,387.98,382.15,385.88,385.88,"596,400",1040
"Nov 2, 2023",379.54,385.94,379.54,380.32,380.32,"677,500",1039
"Nov 1, 2023",379.02,379.37,370.25,375.46,375.46,"774,300",1038
"Oct 31, 2023",379.05,383.62,375.04,381.31,381.31,"753,400",1037
"Oct 30, 2023",381.74,387.15,378.92,379.24,379.24,"632,200",1036
"Oct 27, 2023",380.4,385.91,379.51,379.87,379.87,"462,600",1035
"Oct 26, 2023",379.67,383,375.01,379.96,379.96,"557,100",1034
"Oct 25, 2023",380.7,385.11,377.28,377.98,377.98,"624,800",1033
"Oct 24, 2023",374.09,384.45,374.09,379.11,379.11,"901,400",1032
"Oct 23, 2023",371.35,375.57,368.02,373.08,373.08,"787,600",1031
"Oct 20, 2023",373.87,375.88,369.88,371.85,371.85,"674,400",1030
"Oct 19, 2023",371.66,378.94,369.84,372.86,372.86,"766,000",1029
"Oct 18, 2023",382.25,383.04,372.26,372.5,372.5,"776,800",1028
"Oct 17, 2023",385.58,389.45,382.66,383.66,383.66,"630,400",1027
"Oct 16, 2023",382.04,388.21,380.02,387.26,387.26,"724,100",1026
"Oct 13, 2023",383,386.77,379.29,379.43,379.43,"539,100",1025
"Oct 12, 2023",393.78,393.78,380.61,382.73,382.73,"657,800",1024
"Oct 11, 2023",392.38,393.65,386.22,391.3,391.3,"716,300",1023
"Oct 10, 2023",386.31,396.02,385.8,393.02,393.02,"931,500",1022
"Oct 9, 2023",389.49,389.54,379.24,388.46,388.46,"1,631,000",1021
"Oct 6, 2023",386.3,391.22,385.07,389.64,389.64,"1,117,300",1020
"Oct 5, 2023",394.43,395.5,388.37,388.82,388.82,"731,500",1019
"Oct 4, 2023",397.37,399.66,394.07,395.91,395.91,"901,000",1018
"Oct 3, 2023",398.95,400.34,392.66,394.24,394.24,"743,200",1017
"Oct 2, 2023",402.09,406.8,398.78,402.95,402.95,"892,600",1016
"Sep 29, 2023",404.34,404.77,398.26,399.45,399.45,"788,500",1015
"Sep 28, 2023",392.47,400.26,391.3,398.91,398.91,"543,900",1014
"Sep 27, 2023",392.2,395.85,390.95,392.44,392.44,"711,100",1013
"Sep 26, 2023",395.55,396.74,388.45,389.72,389.72,"818,400",1012
"Sep 25, 2023",398,400.61,395.76,398.39,398.39,"616,200",1011
"Sep 22, 2023",404.95,407.13,397.87,398.73,398.73,"660,500",1010
"Sep 21, 2023",409.62,410.96,404.1,404.25,404.25,"664,100",1009
"Sep 20, 2023",413.65,415.19,409.56,411.31,411.31,"467,000",1008
"Sep 19, 2023",405.59,413.06,405.36,411.78,411.78,"687,200",1007
"Sep 18, 2023",411.01,412.62,406.89,407.89,407.89,"812,000",1006
"Sep 15, 2023",418.1,418.88,411.2,413.57,413.57,"777,700",1005
"Sep 14, 2023",414.71,416.39,410.91,415.83,415.83,"628,000",1004
"Sep 13, 2023",416,418.76,412.61,414.2,414.2,"553,500",1003
"Sep 12, 2023",418.14,420.47,413.03,414.43,414.43,"544,100",1002
"Sep 11, 2023",416.63,419.75,412.49,418.38,418.38,"822,100",1001
"Sep 8, 2023",415.84,419.31,412.35,413.71,413.71,"616,000",1000
"Sep 7, 2023",407.24,418.77,407.24,416.94,416.94,"769,100",999
"Sep 6, 2023",413.18,417.07,408.04,408.49,408.49,"689,000",998
"Sep 5, 2023",415.07,417.91,411.73,415.49,415.49,"916,000",997
"Sep 1, 2023",417.01,420,414.14,416.01,416.01,"576,800",996
"Aug 31, 2023",421.47,423.94,414.63,415.03,415.03,"828,200",995
"Aug 30, 2023",415.2,425.18,415.12,422.9,422.9,"903,600",994
"Aug 29, 2023",410.83,416.65,408.26,415.11,415.11,"777,100",993
"Aug 28, 2023",409,414.82,405.8,410.84,410.84,"1,121,800",992
"Aug 25, 2023",425.09,425.51,406.02,407.15,407.15,"2,261,400",991
"Aug 24, 2023",435.83,438.49,421.61,422.74,422.74,"1,794,100",990
"Aug 23, 2023",428,438.92,423.8,437.96,437.96,"1,221,600",989
"Aug 22, 2023",442,442,426.86,430.58,430.58,"1,354,000",988
"Aug 21, 2023",454.59,457.6,444.11,447.91,447.91,"800,100",987
"Aug 18, 2023",443.21,454.12,443.21,452.93,452.93,"533,500",986
"Aug 17, 2023",459.82,460.56,446.23,446.67,446.67,"645,000",985
"Aug 16, 2023",458.2,467.64,457.23,457.46,457.46,"788,200",984
"Aug 15, 2023",459.01,464.46,456.1,456.2,456.2,"804,700",983
"Aug 14, 2023",446.78,459.17,446.47,458.56,458.56,"884,500",982
"Aug 11, 2023",446,447.27,442.97,443.85,443.85,"458,200",981
"Aug 10, 2023",449.41,455.91,447.04,447.46,447.46,"590,500",980
"Aug 9, 2023",438.17,448.37,438.17,446.65,446.65,"670,300",979
"Aug 8, 2023",437.3,441.7,435.79,438.17,438.17,"621,100",978
"Aug 7, 2023",439.02,441.79,434.33,439.95,439.95,"701,700",977
"Aug 4, 2023",435.01,444.08,432.26,438.32,438.32,"817,600",976
"Aug 3, 2023",437.09,440.61,434.48,435.74,435.74,"904,600",975
"Aug 2, 2023",445.37,445.75,438.13,438.24,438.24,"642,600",974
"Aug 1, 2023",445,447,440.16,442.25,442.25,"670,400",973
"Jul 31, 2023",446.16,450.23,443.06,444.8,444.8,"866,000",972
"Jul 28, 2023",450.05,452.5,444.36,445.39,445.39,"691,500",971
"Jul 27, 2023",455,457.84,447.5,448.45,448.45,"864,800",970
"Jul 26, 2023",453.14,456.45,448.13,454.74,454.74,"651,100",969
"Jul 25, 2023",453.54,456.58,447,451.64,451.64,"1,115,400",968
"Jul 24, 2023",459.29,460.1,452.22,454.67,454.67,"878,300",967
"Jul 21, 2023",462.35,466.18,458.22,460.11,460.11,"699,600",966
"Jul 20, 2023",468.9,470.6,462.13,462.35,462.35,"663,200",965
"Jul 19, 2023",472.68,474.38,469.29,471.21,471.21,"573,600",964
"Jul 18, 2023",471.99,476.29,471.17,472.41,472.41,"505,100",963
"Jul 17, 2023",472,476.67,469.31,472.72,472.72,"507,500",962
"Jul 14, 2023",475.72,476.38,469.61,472.65,472.65,"601,400",961
"Jul 13, 2023",486.68,487.16,472.2,472.59,472.59,"713,300",960
"Jul 12, 2023",485.53,486.72,482.37,484.04,484.04,"454,500",959
"Jul 11, 2023",479.5,484.71,478.44,483.24,483.24,"506,000",958
"Jul 10, 2023",473.43,478.96,473.13,478,478,"571,600",957
"Jul 7, 2023",471.25,476,468.23,471.63,471.63,"530,100",956
"Jul 6, 2023",476.2,479.06,470.01,470.55,470.55,"652,800",955
"Jul 5, 2023",471.71,480.56,468.23,479.83,479.83,"789,500",954
"Jul 3, 2023",470.48,477.82,469.51,477.35,477.35,"464,000",953
"Jun 30, 2023",468.4,472.87,465.47,470.6,470.6,"781,400",952
"Jun 29, 2023",464.16,471.04,462.08,465.28,465.28,"653,800",951
"Jun 28, 2023",462.37,463.52,456.52,462.08,462.08,"899,100",950
"Jun 27, 2023",462.63,462.89,454.07,462.43,462.43,"837,900",949
"Jun 26, 2023",455.13,465.65,452.82,463.57,463.57,"788,100",948
"Jun 23, 2023",455.13,457.3,453.09,453.45,453.45,"709,900",947
"Jun 22, 2023",449.93,457.86,448.9,455.71,455.71,"703,100",946
"Jun 21, 2023",450.32,457.37,448.87,450.19,450.19,"996,900",945
"Jun 20, 2023",447.77,452,442.99,447.09,447.09,"1,084,200",944
"Jun 16, 2023",454.62,454.62,442.4,447.91,447.91,"1,865,300",943
"Jun 15, 2023",444.96,452.56,442.46,451.14,451.14,"924,900",942
"Jun 14, 2023",444,450.83,441.34,443.58,443.58,"1,190,300",941
"Jun 13, 2023",432.74,445.34,429.36,443.76,443.76,"1,540,000",940
"Jun 12, 2023",423.84,427.17,420.22,424.91,424.91,"853,500",939
"Jun 9, 2023",419.03,427.95,419.03,423.62,423.62,"1,160,500",938
"Jun 8, 2023",414,419.44,410.86,418.94,418.94,"843,400",937
"Jun 7, 2023",419.45,424.8,414.98,415.55,415.55,"863,600",936
"Jun 6, 2023",417.59,423.96,416.66,417.49,417.49,"862,100",935
"Jun 5, 2023",421.34,425.96,418.77,421.01,421.01,"1,048,000",934
"Jun 2, 2023",405.57,423.77,405.57,422.4,422.4,"1,663,800",933
"Jun 1, 2023",408.11,409.92,402,403.83,403.83,"1,380,600",932
"May 31, 2023",410.5,417.41,407.63,409.83,409.83,"2,346,700",931
"May 30, 2023",417.65,418,403.15,412.2,412.2,"3,395,600",930
"May 26, 2023",436.11,439.87,417.6,420.27,420.27,"6,078,300",929
"May 25, 2023",487.21,489.61,481.7,485.12,485.12,"2,104,900",928
"May 24, 2023",481.62,485.55,476.49,481.43,481.43,"796,300",927
"May 23, 2023",479.9,481.2,475.09,480.61,480.61,"906,700",926
"May 22, 2023",491.05,492.21,479.6,480.68,480.68,"1,649,400",925
"May 19, 2023",508.37,509.93,486.87,491.05,491.05,"1,273,700",924
"May 18, 2023",503.89,514.34,501.58,513.61,513.61,"731,300",923
"May 17, 2023",502.78,506.39,500.86,503.95,503.95,"618,800",922
"May 16, 2023",510.5,512.41,498.55,498.99,498.99,"997,300",921
"May 15, 2023",513.88,517.93,508.36,515.97,515.97,"679,800",920
"May 12, 2023",512.84,518.27,509.22,513.88,513.88,"925,700",919
"May 11, 2023",506.06,512.58,503.59,512.11,512.11,"742,800",918
"May 10, 2023",509.86,512.89,497.49,504.51,504.51,"755,900",917
"May 9, 2023",510.8,514.82,508,509.09,509.09,"538,300",916
"May 8, 2023",522,522.58,513.95,515.73,515.73,"427,700",915
"May 5, 2023",516.66,523.27,516.28,520.05,520.05,"479,300",914
"May 4, 2023",523.21,524.26,511.19,514,514,"584,800",913
"May 3, 2023",519.78,529.55,512.86,523.17,523.17,"762,400",912
"May 2, 2023",529.53,532.48,519.02,530.94,530.94,"612,500",911
"May 1, 2023",551.72,556.6,528.65,532.88,532.88,"947,400",910
"Apr 28, 2023",546.08,551.86,544.51,551.43,551.43,"457,400",909
"Apr 27, 2023",550,550.74,539.04,547.77,547.77,"530,800",908
"Apr 26, 2023",539.27,548.63,539.27,547.45,547.45,"495,200",907
"Apr 25, 2023",545.47,549.66,541.63,541.86,541.86,"525,200",906
"Apr 24, 2023",539.78,548.56,539.05,547.4,547.4,"475,800",905
"Apr 21, 2023",544.01,545.95,539,541.37,541.37,"401,600",904
"Apr 20, 2023",540.85,549.32,540.7,545.05,545.05,"428,100",903
"Apr 19, 2023",541.68,546.29,539.85,542.03,542.03,"512,100",902
"Apr 18, 2023",537.08,541.94,535.7,541.52,541.52,"420,700",901
"Apr 17, 2023",536.24,538.88,531.67,534.33,534.33,"579,300",900
"Apr 14, 2023",528.2,534.99,526.11,534.66,534.66,"423,000",899
"Apr 13, 2023",524,530.32,522.44,528.4,528.4,"370,500",898
"Apr 12, 2023",527.71,531.17,522.36,523.13,523.13,"508,400",897
"Apr 11, 2023",529.5,532.02,525.68,526.75,526.75,"456,300",896
"Apr 10, 2023",518.78,529.56,517.16,529.46,529.46,"486,700",895
"Apr 6, 2023",530,532.42,520.73,520.95,520.95,"737,600",894
"Apr 5, 2023",544.9,546.29,530.19,534.12,534.12,"826,600",893
"Apr 4, 2023",551.19,553.06,545.5,546.17,546.17,"633,400",892
"Apr 3, 2023",546.62,552.46,543.62,551.19,551.19,"551,200",891
"Mar 31, 2023",538.75,546.47,538.09,545.67,545.67,"769,400",890
"Mar 30, 2023",527.81,538.3,526.04,536.37,536.37,"658,600",889
"Mar 29, 2023",533,534.74,525.62,526.33,526.33,"718,600",888
"Mar 28, 2023",520.52,532.04,520.52,531.79,531.79,"609,900",887
"Mar 27, 2023",516.46,522.67,514.37,520.45,520.45,"469,400",886
"Mar 24, 2023",514.8,516.27,507.17,513.98,513.98,"473,500",885
"Mar 23, 2023",510.82,517.6,508.63,515.74,515.74,"541,000",884
"Mar 22, 2023",515.65,519.48,509.77,510,510,"699,200",883
"Mar 21, 2023",514.2,522.28,513.28,515.91,515.91,"659,700",882
"Mar 20, 2023",507.33,511.32,502.55,510.23,510.23,"997,100",881
"Mar 17, 2023",511.05,511.14,501.04,506.46,506.46,"1,229,000",880
"Mar 16, 2023",522.23,525.01,512.02,513.84,513.84,"742,500",879
"Mar 15, 2023",513.28,524.51,511.01,524.18,524.18,"812,500",878
"Mar 14, 2023",520.78,525,513.18,518.42,518.42,"718,100",877
"Mar 13, 2023",516.29,521.86,510.76,513.68,513.68,"774,400",876
"Mar 10, 2023",522.13,533.24,514.35,521.18,521.18,"1,446,000",875
"Mar 9, 2023",526.04,533.54,519.5,519.93,519.93,"1,158,700",874
"Mar 8, 2023",525.93,527.35,517.77,524.1,524.1,"635,500",873
"Mar 7, 2023",524.98,528.57,523.51,526.04,526.04,"669,000",872
"Mar 6, 2023",522.37,527.93,521.63,523.4,523.4,"641,200",871
"Mar 3, 2023",520.14,523.72,518.2,522.06,522.06,"573,200",870
"Mar 2, 2023",514.79,522.21,511.02,521.12,521.12,"446,900",869
"Mar 1, 2023",516,518.89,511.21,516.02,516.02,"458,100",868
"Feb 28, 2023",521.98,527.07,517.62,518.8,518.8,"514,100",867
"Feb 27, 2023",523.85,529.5,521.92,523.15,523.15,"445,800",866
"Feb 24, 2023",525.61,527.51,517.05,519.99,519.99,"728,300",865
"Feb 23, 2023",532,537.52,528.49,531.47,531.47,"537,700",864
"Feb 22, 2023",525,532.18,524.79,531.11,531.11,"432,500",863
"Feb 21, 2023",524.24,528.38,523.64,524.94,524.94,"383,100",862
"Feb 17, 2023",531.35,533.68,528.39,530,530,"419,700",861
"Feb 16, 2023",523.96,532,521.36,531.56,531.56,"523,800",860
"Feb 15, 2023",520.67,527.9,520.25,526.56,526.56,"380,100",859
"Feb 14, 2023",520.81,527.1,520.35,524.65,524.65,"399,400",858
"Feb 13, 2023",518.99,521.54,515.61,520.18,520.18,"422,200",857
"Feb 10, 2023",517.4,519.19,512.11,515.75,515.75,"711,100",856
"Feb 9, 2023",528.06,531.69,521.8,522.08,522.08,"630,100",855
"Feb 8, 2023",520.8,524.65,520,523.22,523.22,"351,900",854
"Feb 7, 2023",517,526.08,512.92,524.96,524.96,"542,400",853
"Feb 6, 2023",518.2,522.42,515.74,518,518,"370,400",852
"Feb 3, 2023",518.32,521.98,516.02,520.76,520.76,"337,100",851
"Feb 2, 2023",525.63,528.64,517.05,520.83,520.83,"545,900",850
"Feb 1, 2023",511.9,525.89,511.25,523.59,523.59,"531,800",849
"Jan 31, 2023",509.11,514.25,508.13,513.96,513.96,"503,300",848
"Jan 30, 2023",505.61,512.69,505.41,507.97,507.97,"433,300",847
"Jan 27, 2023",508.99,511,505.19,505.67,505.67,"439,700",846
"Jan 26, 2023",505.8,509.05,502.07,506.82,506.82,"391,200",845
"Jan 25, 2023",500.22,502.83,493.78,502.63,502.63,"299,400",844
"Jan 24, 2023",498.4,503.04,495.92,501.53,501.53,"555,100",843
"Jan 23, 2023",494.2,500.95,491.6,500.47,500.47,"417,800",842
"Jan 20, 2023",488.28,495.94,486.32,491.25,491.25,"589,500",841
"Jan 19, 2023",496.5,499.81,486.02,488.12,488.12,"628,500",840
"Jan 18, 2023",495.68,501.44,495.68,500.08,500.08,"544,800",839
"Jan 17, 2023",490.83,495,488.68,494.59,494.59,"467,700",838
"Jan 13, 2023",490.42,495.39,489.13,490.99,490.99,"406,500",837
"Jan 12, 2023",493.1,495.89,488.92,491.83,491.83,"446,800",836
"Jan 11, 2023",490,495.52,488.68,493.55,493.55,"519,000",835
"Jan 10, 2023",483.85,489.59,482.01,488.62,488.62,"393,000",834
"Jan 9, 2023",484.27,490.88,480.41,484.76,484.76,"470,700",833
"Jan 6, 2023",478.99,489.28,478.89,486.19,486.19,"779,100",832
"Jan 5, 2023",482.47,490.98,479.56,488.94,488.94,"702,200",831
"Jan 4, 2023",476.31,483.61,471.33,483.52,483.52,"716,900",830
"Jan 3, 2023",469.66,473.58,466.62,471.63,471.63,"545,800",829
"Dec 30, 2022",462.55,469.55,460.55,469.07,469.07,"372,500",828
"Dec 29, 2022",465.7,469.35,463.77,464.83,464.83,"431,200",827
"Dec 28, 2022",465.38,465.41,457.54,463.52,463.52,"560,700",826
"Dec 27, 2022",459.12,466.74,457.01,464,464,"578,300",825
"Dec 23, 2022",458.16,460.13,454.11,456.4,456.4,"361,100",824
"Dec 22, 2022",449,457.53,445.63,457.05,457.05,"939,200",823
"Dec 21, 2022",446.28,453.7,443.77,452.29,452.29,"680,200",822
"Dec 20, 2022",440.18,445.31,436.15,439.2,439.2,"530,800",821
"Dec 19, 2022",453.67,453.81,439.2,440.51,440.51,"748,000",820
"Dec 16, 2022",451.72,455.04,446.79,451.12,451.12,"880,800",819
"Dec 15, 2022",458.6,458.6,453,455.02,455.02,"491,300",818
"Dec 14, 2022",462.88,466.46,456.37,462.85,462.85,"564,000",817
"Dec 13, 2022",482.86,483.8,462.54,464.41,464.41,"817,700",816
"Dec 12, 2022",465,472.35,463.99,471.96,471.96,"528,600",815
"Dec 9, 2022",480.04,480.5,471.48,471.63,471.63,"559,000",814
"Dec 8, 2022",481.5,482.69,473.71,481.65,481.65,"712,700",813
"Dec 7, 2022",463.31,480.57,462.83,480.05,480.05,"841,500",812
"Dec 6, 2022",472,474.48,460.23,465.58,465.58,"897,100",811
"Dec 5, 2022",468.34,473.11,465.39,472.52,472.52,"941,300",810
"Dec 2, 2022",467.05,477.92,461.88,471.33,471.33,"1,526,400",809
"Dec 1, 2022",470.47,477.08,464,472.53,472.53,"1,499,700",808
"Nov 30, 2022",449.95,466.55,447.06,464.84,464.84,"1,193,600",807
"Nov 29, 2022",457.31,457.31,446.1,449.88,449.88,"1,210,100",806
"Nov 28, 2022",448.47,461.57,447.87,457.24,457.24,"898,200",805
"Nov 25, 2022",448.58,448.86,444.62,448.35,448.35,"240,000",804
"Nov 23, 2022",450.23,451.48,446.15,447.37,447.37,"453,500",803
"Nov 22, 2022",445.53,450.24,441.55,450.04,450.04,"423,200",802
"Nov 21, 2022",439.96,443.2,436.35,442.01,442.01,"350,100",801
"Nov 18, 2022",441.66,442.95,435.56,440.5,440.5,"580,800",800
"Nov 17, 2022",432.01,435.5,426.61,434.7,434.7,"397,300",799
"Nov 16, 2022",429.12,436.18,428.32,435.58,435.58,"505,700",798
"Nov 15, 2022",432,439.52,428.51,436.27,436.27,"659,500",797
"Nov 14, 2022",431.5,436.81,422.43,422.62,422.62,"725,100",796
"Nov 11, 2022",427.08,430.75,420.27,430.27,430.27,"893,400",795
"Nov 10, 2022",424.4,431,416.5,423.58,423.58,"641,300",794
"Nov 9, 2022",420,428.19,413.15,413.47,413.47,"596,500",793
"Nov 8, 2022",421,426.16,418.34,423.12,423.12,"583,700",792
"Nov 7, 2022",418.32,419.52,410.84,419.35,419.35,"443,300",791
"Nov 4, 2022",418.61,424.12,411.9,418.32,418.32,"525,000",790
"Nov 3, 2022",403.9,420.05,402.77,415.64,415.64,"596,600",789
"Nov 2, 2022",412.65,426.89,406.35,406.77,406.77,"954,300",788
"Nov 1, 2022",424.51,425.5,417.46,422,422,"779,300",787
"Oct 31, 2022",415.51,421.37,415.28,419.37,419.37,"701,700",786
"Oct 28, 2022",401.19,418.96,400.6,416.14,416.14,"773,600",785
"Oct 27, 2022",401.3,406.2,399.36,402.24,402.24,"597,400",784
"Oct 26, 2022",397.37,408.9,395.11,399.27,399.27,"773,600",783
"Oct 25, 2022",384.04,397.69,383.52,395.4,395.4,"903,400",782
"Oct 24, 2022",383.61,384.89,373.8,384.63,384.63,"906,800",781
"Oct 21, 2022",382.64,385.96,374.09,382.81,382.81,"805,900",780
"Oct 20, 2022",387.58,398.09,381.28,381.59,381.59,"914,600",779
"Oct 19, 2022",396,399.28,384.76,386.26,386.26,"1,168,500",778
"Oct 18, 2022",412.93,415.37,400.21,404.98,404.98,"682,000",777
"Oct 17, 2022",400.5,405.64,391.86,402.54,402.54,"784,300",776
"Oct 14, 2022",404.15,406.99,393.82,394.24,394.24,"817,100",775
"Oct 13, 2022",391.41,400.41,386.78,398.89,398.89,"913,300",774
"Oct 12, 2022",396.95,404.03,392.88,398.02,398.02,"744,200",773
"Oct 11, 2022",393.22,403.86,392.4,396.8,396.8,"721,200",772
"Oct 10, 2022",387.6,392.75,381.95,390.3,390.3,"803,000",771
"Oct 7, 2022",386.53,388.48,380.94,387.98,387.98,"688,800",770
"Oct 6, 2022",394.23,401.66,391.2,392.08,392.08,"555,400",769
"Oct 5, 2022",400.28,402.26,392.2,395.99,395.99,"764,900",768
"Oct 4, 2022",410.67,414.09,400.57,403.95,403.95,"782,400",767
"Oct 3, 2022",403,409.04,397,404.75,404.75,"611,100",766
"Sep 30, 2022",401.75,409.73,394.64,401.19,401.19,"737,200",765
"Sep 29, 2022",408.93,409.61,400.97,404.76,404.76,"667,600",764
"Sep 28, 2022",401,410.47,397.02,409.21,409.21,"951,100",763
"Sep 27, 2022",392.8,397.46,388.31,394.11,394.11,"829,500",762
"Sep 26, 2022",392.5,399.17,387.33,387.66,387.66,"726,600",761
"Sep 23, 2022",395.84,397.64,386.1,392.3,392.3,"1,016,600",760
"Sep 22, 2022",408.39,410.26,401.21,401.67,401.67,"657,300",759
"Sep 21, 2022",420.04,423,410.71,410.82,410.82,"504,500",758
"Sep 20, 2022",416.96,419.53,413,416.62,416.62,"578,200",757
"Sep 19, 2022",418.04,426.2,417.01,421.47,421.47,"705,000",756
"Sep 16, 2022",417.54,423.11,415.8,418.66,418.66,"728,800",755
"Sep 15, 2022",426.12,427,419.01,422.67,422.67,"763,600",754
"Sep 14, 2022",430.72,432.35,419.57,426.15,426.15,"1,014,100",753
"Sep 13, 2022",439,441.58,429.39,430.06,430.06,"1,011,600",752
"Sep 12, 2022",444.78,451.3,444.09,446.14,446.14,"925,600",751
"Sep 9, 2022",446.05,448.08,441.18,442.9,442.9,"959,500",750
"Sep 8, 2022",440.76,448.29,438.2,445.34,445.34,"1,194,600",749
"Sep 7, 2022",429.42,445.63,427.54,444.01,444.01,"1,471,800",748
"Sep 6, 2022",423.48,431.75,414.07,427.82,427.82,"983,200",747
"Sep 2, 2022",428.4,431.6,420.89,423.08,423.08,"816,700",746
"Sep 1, 2022",419.85,424.48,414,424.25,424.25,"915,700",745
"Aug 31, 2022",419.37,425.33,416.47,419.87,419.87,"1,139,400",744
"Aug 30, 2022",420.26,420.68,410.14,416.79,416.79,"790,500",743
"Aug 29, 2022",405.76,423.67,404.17,417.62,417.62,"1,329,100",742
"Aug 26, 2022",429.69,433.88,410.95,411.47,411.47,"2,584,500",741
"Aug 25, 2022",412.81,420.69,409.13,419.25,419.25,"1,944,000",740
"Aug 24, 2022",403.7,415.03,400.16,412.02,412.02,"832,200",739
"Aug 23, 2022",398.69,403.94,398.16,401.31,401.31,"642,700",738
"Aug 22, 2022",397.18,400.45,395.46,397.45,397.45,"659,700",737
"Aug 19, 2022",407.75,410.03,399.54,403.25,403.25,"586,200",736
"Aug 18, 2022",406.05,410.06,402.07,409.25,409.25,"504,600",735
"Aug 17, 2022",403,406.83,400.25,404.35,404.35,"683,200",734
"Aug 16, 2022",407.05,418.79,407.05,407.26,407.26,"1,455,500",733
"Aug 15, 2022",397.5,408.16,396.97,405.34,405.34,"774,100",732
"Aug 12, 2022",391.85,395.58,389.08,395.47,395.47,"529,600",731
"Aug 11, 2022",384.05,391.33,384.05,390.03,390.03,"567,900",730
"Aug 10, 2022",385.78,388.79,381.11,381.48,381.48,"596,400",729
"Aug 9, 2022",380.4,380.64,372.22,375.78,375.78,"641,700",728
"Aug 8, 2022",378.3,385.34,377.92,379.39,379.39,"751,700",727
"Aug 5, 2022",370,378.86,368.8,377.8,377.8,"926,000",726
"Aug 4, 2022",376.63,376.63,370.44,372.35,372.35,"886,000",725
"Aug 3, 2022",380.6,384.16,360.58,372.9,372.9,"2,534,400",724
"Aug 2, 2022",395.74,399.37,387.25,392.9,392.9,"611,500",723
"Aug 1, 2022",388.9,396.17,385.91,394.28,394.28,"921,800",722
"Jul 29, 2022",397.47,398.36,386.01,388.91,388.91,"1,171,300",721
"Jul 28, 2022",395.35,404.46,392.27,400.76,400.76,"533,200",720
"Jul 27, 2022",386.92,397.56,384.19,395.44,395.44,"610,300",719
"Jul 26, 2022",391.22,392.84,380.81,384.79,384.79,"997,600",718
"Jul 25, 2022",408.91,408.91,397.77,401.26,401.26,"452,600",717
"Jul 22, 2022",412.91,416.98,403.7,406.4,406.4,"540,900",716
"Jul 21, 2022",406.11,411.64,401.54,411.27,411.27,"578,600",715
"Jul 20, 2022",402.36,412.5,402.1,408.36,408.36,"851,100",714
"Jul 19, 2022",399.81,405.35,396.46,402.36,402.36,"525,300",713
"Jul 18, 2022",401.88,406.48,392.57,393.59,393.59,"519,700",712
"Jul 15, 2022",389.59,399,387.56,397.24,397.24,"844,100",711
"Jul 14, 2022",378.09,386.61,375.09,385.58,385.58,"822,500",710
"Jul 13, 2022",373.7,385.77,370.54,382.74,382.74,"616,100",709
"Jul 12, 2022",385.35,389.35,375.19,377.06,377.06,"580,900",708
"Jul 11, 2022",381.29,387.45,378.02,383.27,383.27,"545,000",707
"Jul 8, 2022",383.88,385.34,376.79,381.44,381.44,"443,400",706
"Jul 7, 2022",383.08,387.98,380.76,383.64,383.64,"979,500",705
"Jul 6, 2022",377.43,386.81,374.58,381.76,381.76,"706,800",704
"Jul 5, 2022",375.88,378.49,368.64,378.47,378.47,"922,400",703
"Jul 1, 2022",381.92,385.37,377.25,382.85,382.85,"584,000",702
"Jun 30, 2022",383.05,392.94,378.36,385.48,385.48,"874,100",701
"Jun 29, 2022",392.69,393.4,384.18,391.64,391.64,"813,100",700
"Jun 28, 2022",400.74,405,385.8,385.9,385.9,"705,500",699
"Jun 27, 2022",410.48,411.58,399.33,400.49,400.49,"590,300",698
"Jun 24, 2022",400.56,411.25,400.18,410.54,410.54,"772,300",697
"Jun 23, 2022",399.49,401.64,391.03,395.91,395.91,"650,500",696
"Jun 22, 2022",396.99,403,394.65,396.22,396.22,"622,300",695
"Jun 21, 2022",402.96,406,397.83,401.26,401.26,"708,300",694
"Jun 17, 2022",390.5,400.45,389.01,395.83,395.83,"1,412,600",693
"Jun 16, 2022",397.08,397.08,387.28,390.47,390.47,"811,500",692
"Jun 15, 2022",399.71,410.15,397.15,405.61,405.61,"964,100",691
"Jun 14, 2022",395.29,399.05,389.88,392.67,392.67,"749,600",690
"Jun 13, 2022",398,400,385.95,391.77,391.77,"1,014,100",689
"Jun 10, 2022",413.38,417.85,407.69,407.72,407.72,"745,000",688
"Jun 9, 2022",427.85,429.48,422.05,422.35,422.35,"913,500",687
"Jun 8, 2022",420.68,428.87,415.53,425.39,425.39,"741,500",686
"Jun 7, 2022",409.82,422.87,404.01,421.02,421.02,"865,300",685
"Jun 6, 2022",409.99,415.94,402.52,413.73,413.73,"686,900",684
"Jun 3, 2022",405.89,414.45,401.56,404.41,404.41,"1,275,200",683
"Jun 2, 2022",408.22,417.28,404.86,416.54,416.54,"799,100",682
"Jun 1, 2022",423.68,426.74,403.34,407.32,407.32,"1,111,600",681
"May 31, 2022",421.5,426.83,409.49,423.1,423.1,"1,837,800",680
"May 27, 2022",417.5,425.39,409,425.08,425.08,"2,767,400",679
"May 26, 2022",365.61,382.4,364.44,377.96,377.96,"1,914,900",678
"May 25, 2022",338.66,356.25,337.08,352.95,352.95,"954,700",677
"May 24, 2022",342.48,343.38,330.8,342.08,342.08,"821,500",676
"May 23, 2022",345.93,349.02,338.54,346.65,346.65,"865,900",675
"May 20, 2022",354.83,354.83,333.05,343.05,343.05,"1,165,400",674
"May 19, 2022",348.94,357.83,345.22,351.31,351.31,"1,092,100",673
"May 18, 2022",380.93,383.02,344,350.45,350.45,"1,667,500",672
"May 17, 2022",398.8,400.99,387.96,393.01,393.01,"670,500",671
"May 16, 2022",396.34,399.34,387.52,393.16,393.16,"652,100",670
"May 13, 2022",385.69,396.64,384.84,395.89,395.89,"760,200",669
"May 12, 2022",371.41,384.15,369.35,377.85,377.85,"713,100",668
"May 11, 2022",379.78,388.68,374.35,375.95,375.95,"917,900",667
"May 10, 2022",389.41,393,371.32,380.87,380.87,"825,600",666
"May 9, 2022",384.03,396.33,379.34,381.09,381.09,"750,900",665
"May 6, 2022",394.63,394.63,382.05,389.43,389.43,"639,400",664
"May 5, 2022",401.84,404,388.34,396.63,396.63,"663,500",663
"May 4, 2022",401.53,410,392.03,408.64,408.64,"691,500",662
"May 3, 2022",404.38,404.45,395.83,401.23,401.23,"716,000",661
"May 2, 2022",398.61,406.23,393.39,405.55,405.55,"746,500",660
"Apr 29, 2022",413.86,414.19,395.63,396.8,396.8,"954,300",659
"Apr 28, 2022",407.89,420.83,403.64,417.42,417.42,"552,400",658
"Apr 27, 2022",405.28,411.59,399.21,402.78,402.78,"666,100",657
"Apr 26, 2022",412.59,413.84,406.56,407.33,407.33,"480,200",656
"Apr 25, 2022",404.76,418.5,400.36,418.14,418.14,"732,900",655
"Apr 22, 2022",416.18,418.58,405.73,406.51,406.51,"594,800",654
"Apr 21, 2022",435,438.63,419.92,421.43,421.43,"662,700",653
"Apr 20, 2022",430.97,437.22,429.16,431.38,431.38,"635,100",652
"Apr 19, 2022",415.2,431.06,414.2,428.37,428.37,"906,800",651
"Apr 18, 2022",414.19,419.21,411.99,415.84,415.84,"410,200",650
"Apr 14, 2022",416.52,421.24,413.52,415.65,415.65,"552,400",649
"Apr 13, 2022",405.91,418.8,405.71,415.5,415.5,"626,500",648
"Apr 12, 2022",407.52,415.25,404.58,405.9,405.9,"576,800",647
"Apr 11, 2022",401.63,411.15,399.37,403.78,403.78,"687,800",646
"Apr 8, 2022",397.21,406,395.55,401.55,401.55,"513,800",645
"Apr 7, 2022",389.77,400,388.56,398.78,398.78,"481,900",644
"Apr 6, 2022",394.25,394.44,380.57,391.21,391.21,"744,500",643
"Apr 5, 2022",398.1,404.46,392.21,398.35,398.35,"438,800",642
"Apr 4, 2022",387.18,398.62,385.49,398.62,398.62,"521,300",641
"Apr 1, 2022",399,400.57,384,388.22,388.22,"814,900",640
"Mar 31, 2022",403.14,405.88,397.89,398.22,398.22,"611,100",639
"Mar 30, 2022",401.3,405.11,398.51,401.75,401.75,"400,700",638
"Mar 29, 2022",399.96,408.73,398.48,406.5,406.5,"665,100",637
"Mar 28, 2022",394.52,396.11,389.58,395.48,395.48,"416,400",636
"Mar 25, 2022",398.3,398.56,391.77,395.07,395.07,"447,800",635
"Mar 24, 2022",389.96,396.62,387.42,395.84,395.84,"565,200",634
"Mar 23, 2022",388,390.9,383.44,389.79,389.79,"652,000",633
"Mar 22, 2022",391.09,398.59,385.85,389.75,389.75,"650,900",632
"Mar 21, 2022",390.46,392.83,379.07,385.67,385.67,"818,400",631
"Mar 18, 2022",385.33,392.58,383.19,391.23,391.23,"696,200",630
"Mar 17, 2022",385.58,389.53,381.35,387.31,387.31,"704,500",629
"Mar 16, 2022",374.46,390.97,374.46,385.51,385.51,"954,000",628
"Mar 15, 2022",361.43,372.11,360.6,371.38,371.38,"710,300",627
"Mar 14, 2022",369.62,371.58,355.28,357.52,357.52,"941,700",626
"Mar 11, 2022",385,389,366.43,368.51,368.51,"1,520,300",625
"Mar 10, 2022",367.36,381.4,364,379.37,379.37,"1,748,700",624
"Mar 9, 2022",369.43,376.33,368.1,373.31,373.31,"697,200",623
"Mar 8, 2022",354.28,369.47,350.1,359.02,359.02,"884,800",622
"Mar 7, 2022",367.73,369.71,350.4,350.84,350.84,"1,023,700",621
"Mar 4, 2022",371.5,373.46,361.95,366.76,366.76,"661,200",620
"Mar 3, 2022",382.02,383,367.03,373.69,373.69,"569,500",619
"Mar 2, 2022",371.78,384,369.96,381.5,381.5,"606,000",618
"Mar 1, 2022",372.21,375.76,365.84,369.01,369.01,"562,800",617
"Feb 28, 2022",371.38,377.99,367.54,374.5,374.5,"802,900",616
"Feb 25, 2022",372.96,378.49,366.86,378.07,378.07,"466,000",615
"Feb 24, 2022",344.02,373.67,341.47,373.09,373.09,"922,500",614
"Feb 23, 2022",371.68,372.82,352.88,355.07,355.07,"697,800",613
"Feb 22, 2022",372,379.84,360.99,368.13,368.13,"714,300",612
"Feb 18, 2022",368.43,381.74,367,375.83,375.83,"742,500",611
"Feb 17, 2022",379.69,380.67,367.77,369.12,369.12,"610,400",610
"Feb 16, 2022",377.62,383.29,376.35,381.6,381.6,"725,900",609
"Feb 15, 2022",363.88,379.77,363.88,379.65,379.65,"560,900",608
"Feb 14, 2022",363.68,367.56,357.27,362.65,362.65,"794,400",607
"Feb 11, 2022",373.89,375.92,359.72,362.17,362.17,"794,500",606
"Feb 10, 2022",371.08,383.22,370.86,374.01,374.01,"711,600",605
"Feb 9, 2022",367.64,376.82,367.08,376.04,376.04,"778,100",604
"Feb 8, 2022",367.33,369.31,357.81,364.23,364.23,"808,400",603
"Feb 7, 2022",366.25,372.23,361.95,364.26,364.26,"426,300",602
"Feb 4, 2022",363.73,369.62,359.01,365.73,365.73,"556,200",601
"Feb 3, 2022",366.24,373.01,363.79,364.76,364.76,"436,600",600
"Feb 2, 2022",374.69,375.47,366.4,371.69,371.69,"467,800",599
"Feb 1, 2022",364.37,373.41,361.84,372.32,372.32,"500,700",598
"Jan 31, 2022",356.46,364.85,356.33,363.74,363.74,"641,200",597
"Jan 28, 2022",351.68,359.1,346.93,358.83,358.83,"537,800",596
"Jan 27, 2022",359.35,363.03,348.46,351.58,351.58,"673,700",595
"Jan 26, 2022",361.6,365.63,350.3,353.81,353.81,"664,500",594
"Jan 25, 2022",358.37,359.39,347.07,352.74,352.74,"823,900",593
"Jan 24, 2022",340.25,365.76,336.29,364.84,364.84,"1,110,400",592
"Jan 21, 2022",357.02,360.23,348.63,349.42,349.42,"1,139,900",591
"Jan 20, 2022",373.49,379.49,357.27,359.11,359.11,"717,300",590
"Jan 19, 2022",374.82,381.09,371.47,371.68,371.68,"741,200",589
"Jan 18, 2022",368.38,377,365.97,372.97,372.97,"572,800",588
"Jan 14, 2022",377.45,377.45,364.5,374.48,374.48,"903,400",587
"Jan 13, 2022",384.16,388.73,376.68,378.15,378.15,"691,800",586
"Jan 12, 2022",386.57,390.56,380.11,384.16,384.16,"364,300",585
"Jan 11, 2022",382.15,387,372,384.44,384.44,"703,400",584
"Jan 10, 2022",392.54,393.17,369.5,381.04,381.04,"945,900",583
"Jan 7, 2022",398.56,404.99,393.63,397.1,397.1,"523,900",582
"Jan 6, 2022",403.22,405.15,395.61,400.49,400.49,"497,500",581
"Jan 5, 2022",416.62,417.07,401.2,401.49,401.49,"930,700",580
"Jan 4, 2022",416.93,422.43,412.61,418.74,418.74,"598,000",579
"Jan 3, 2022",413.7,420.97,409.71,413.23,413.23,"507,300",578
"Dec 31, 2021",404.75,414.65,403.53,412.34,412.34,"445,400",577
"Dec 30, 2021",404.69,413.63,404,404.79,404.79,"406,500",576
"Dec 29, 2021",398.71,406.43,397.08,405.3,405.3,"338,900",575
"Dec 28, 2021",405.38,406.52,397.54,398.81,398.81,"402,100",574
"Dec 27, 2021",394.78,405,393.5,403.84,403.84,"648,200",573
"Dec 23, 2021",389.68,396.21,388.05,392.37,392.37,"537,700",572
"Dec 22, 2021",378.22,388.27,375.27,387.91,387.91,"472,200",571
"Dec 21, 2021",369.77,380.02,368.95,378.27,378.27,"597,100",570
"Dec 20, 2021",373.32,373.32,362.3,365.82,365.82,"1,055,900",569
"Dec 17, 2021",383.23,390.04,376.32,380.94,380.94,"1,026,800",568
"Dec 16, 2021",399.31,400,384.31,385.17,385.17,"999,400",567
"Dec 15, 2021",389.65,395.92,382.4,394.61,394.61,"931,900",566
"Dec 14, 2021",382.54,391.03,380.77,389.65,389.65,"899,100",565
"Dec 13, 2021",400.73,405.31,387.82,388.29,388.29,"857,400",564
"Dec 10, 2021",402.78,404.79,396.01,403.49,403.49,"841,400",563
"Dec 9, 2021",411.26,417.25,404.19,404.41,404.41,"887,800",562
"Dec 8, 2021",407.57,414.26,405.6,412.09,412.09,"1,061,000",561
"Dec 7, 2021",397.25,415.27,392.53,407.7,407.7,"1,181,700",560
"Dec 6, 2021",383.71,398.09,381.1,390.02,390.02,"1,182,700",559
"Dec 3, 2021",402.42,404,372.84,378.81,378.81,"2,128,600",558
"Dec 2, 2021",370.39,384.53,364.03,383.64,383.64,"1,683,800",557
"Dec 1, 2021",390.09,394.96,369.51,370.02,370.02,"943,200",556
"Nov 30, 2021",398.38,399.94,380.29,383.95,383.95,"1,624,600",555
"Nov 29, 2021",407.36,407.74,397.03,401.42,401.42,"563,100",554
"Nov 26, 2021",394.05,403.22,393,399.53,399.53,"475,000",553
"Nov 24, 2021",401.46,409.97,400.37,409.56,409.56,"367,900",552
"Nov 23, 2021",409.84,411.64,397.43,408.93,408.93,"539,200",551
"Nov 22, 2021",410.4,414.71,407.41,411.77,411.77,"429,500",550
"Nov 19, 2021",406.35,410.55,400.1,407.71,407.71,"517,900",549
"Nov 18, 2021",406.78,407.72,399.36,405.65,405.65,"497,800",548
"Nov 17, 2021",413.14,415.79,401.33,402.21,402.21,"513,500",547
"Nov 16, 2021",401.67,417.85,400.28,413.86,413.86,"740,000",546
"Nov 15, 2021",400,407.95,398.15,401.73,401.73,"346,400",545
"Nov 12, 2021",396.43,400.81,394.11,396.5,396.5,"391,200",544
"Nov 11, 2021",392.94,398.27,392.01,395.57,395.57,"383,200",543
"Nov 10, 2021",392.66,397.47,387.9,391.34,391.34,"477,900",542
"Nov 9, 2021",389.17,402.35,388.72,395.11,395.11,"618,400",541
"Nov 8, 2021",391.64,393,386.61,388.11,388.11,"433,700",540
"Nov 5, 2021",385.87,394.14,382,391.85,391.85,"675,600",539
"Nov 4, 2021",383.26,387.56,378.7,381.07,381.07,"545,100",538
"Nov 3, 2021",372.77,383.27,370.68,381.78,381.78,"523,000",537
"Nov 2, 2021",366.39,374.53,363.67,371.86,371.86,"738,800",536
"Nov 1, 2021",369.13,370.14,363.38,365.13,365.13,"647,500",535
"Oct 29, 2021",371.15,373.45,366.07,367.36,367.36,"649,400",534
"Oct 28, 2021",370.74,373.04,369.53,370.39,370.39,"363,400",533
"Oct 27, 2021",367.83,373.59,364.09,369.79,369.79,"544,700",532
"Oct 26, 2021",371.72,372.74,363.28,366.06,366.06,"566,300",531
"Oct 25, 2021",371.45,375.22,368.37,371,371,"530,500",530
"Oct 22, 2021",371.88,373.61,365.28,371.45,371.45,"835,900",529
"Oct 21, 2021",357.95,373.7,357.95,371.88,371.88,"1,332,200",528
"Oct 20, 2021",366.25,367.28,355,358.15,358.15,"2,328,300",527
"Oct 19, 2021",390.88,398,360.66,363.35,363.35,"4,169,400",526
"Oct 18, 2021",404.51,410.93,402.32,406.35,406.35,"716,200",525
"Oct 15, 2021",407.98,410,403.51,405.72,405.72,"670,400",524
"Oct 14, 2021",400,407.68,399.1,403.91,403.91,"739,800",523
"Oct 13, 2021",387.96,397.5,385.86,395.31,395.31,"662,700",522
"Oct 12, 2021",380.58,388.56,380.48,386.92,386.92,"588,600",521
"Oct 11, 2021",379.2,386.26,378.69,380.87,380.87,"565,500",520
"Oct 8, 2021",378.46,383.06,375.01,378.37,378.37,"699,300",519
"Oct 7, 2021",372.08,379.62,370.55,375.03,375.03,"391,700",518
"Oct 6, 2021",371.25,374.09,366.77,368.21,368.21,"572,000",517
"Oct 5, 2021",371.22,378.39,367.16,373.77,373.77,"563,600",516
"Oct 4, 2021",367,370.48,363.52,369.92,369.92,"545,900",515
"Oct 1, 2021",361.92,369.97,359.65,368.03,368.03,"574,800",514
"Sep 30, 2021",378.49,378.49,360.51,360.92,360.92,"838,900",513
"Sep 29, 2021",380.86,381.91,377.03,378.35,378.35,"426,100",512
"Sep 28, 2021",378.72,380.72,374.55,378.14,378.14,"449,600",511
"Sep 27, 2021",382,387.96,380.25,381.13,381.13,"381,200",510
"Sep 24, 2021",377.66,384.3,376.04,382.13,382.13,"294,600",509
"Sep 23, 2021",379.35,386.69,377.88,380.76,380.76,"488,300",508
"Sep 22, 2021",372.49,377.56,369.88,375.85,375.85,"387,900",507
"Sep 21, 2021",371.33,373.74,367.22,369.84,369.84,"509,900",506
"Sep 20, 2021",370.8,373.1,363.79,369.74,369.74,"859,100",505
"Sep 17, 2021",380.46,385.61,377.88,379.05,379.05,"629,900",504
"Sep 16, 2021",375.5,383.66,375.13,382.32,382.32,"526,300",503
"Sep 15, 2021",373.09,378.94,367.64,375.93,375.93,"920,200",502
"Sep 14, 2021",374.57,374.58,368.71,373.73,373.73,"384,300",501
"Sep 13, 2021",377.99,377.99,367.95,372.29,372.29,"560,500",500
"Sep 10, 2021",385,385.3,374.34,374.82,374.82,"568,200",499
"Sep 9, 2021",376.19,384.12,373.08,382.08,382.08,"598,300",498
"Sep 8, 2021",379.1,380.39,370.8,376.3,376.3,"757,300",497
"Sep 7, 2021",383.49,384.78,378.71,379.33,379.33,"503,800",496
"Sep 3, 2021",379.56,384.27,377.55,382.11,382.11,"421,000",495
"Sep 2, 2021",387,387,379.76,381.21,381.21,"740,000",494
"Sep 1, 2021",389.52,392,386.79,387.46,387.46,"666,400",493
"Aug 31, 2021",384.58,387.67,378.18,387.31,387.31,"771,300",492
"Aug 30, 2021",387.5,388.83,380.37,383.17,383.17,"917,000",491
"Aug 27, 2021",385.15,392.6,378.53,387.23,387.23,"1,078,600",490
"Aug 26, 2021",411.08,414.98,386.03,388.68,388.68,"2,946,100",489
"Aug 25, 2021",374.39,390.68,367.17,389.9,389.9,"1,917,300",488
"Aug 24, 2021",371,378.1,370.89,373.85,373.85,"731,500",487
"Aug 23, 2021",370,376.36,369.37,370,370,"562,700",486
"Aug 20, 2021",361.1,367.21,357.61,366.77,366.77,"441,400",485
"Aug 19, 2021",357.22,363.83,355.24,360.86,360.86,"616,100",484
"Aug 18, 2021",360.87,367.98,357.76,361.72,361.72,"415,700",483
"Aug 17, 2021",366.59,368.2,356.4,360.74,360.74,"479,500",482
"Aug 16, 2021",372.65,373,366.41,369.67,369.67,"394,400",481
"Aug 13, 2021",372.04,374.47,368.9,371.85,371.85,"505,900",480
"Aug 12, 2021",368,372.22,366.7,371.91,371.91,"453,900",479
"Aug 11, 2021",361.51,367.15,358.71,366.83,366.83,"535,100",478
"Aug 10, 2021",351.86,364.26,351.03,361.74,361.74,"632,400",477
"Aug 9, 2021",352.02,356.64,347.38,352.65,352.65,"404,600",476
"Aug 6, 2021",352.51,355,349.91,352.99,352.99,"356,400",475
"Aug 5, 2021",345.17,351.66,343.37,351.65,351.65,"406,400",474
"Aug 4, 2021",345.13,349.74,340.91,342.57,342.57,"511,800",473
"Aug 3, 2021",338.79,347.33,335.74,346.66,346.66,"600,700",472
"Aug 2, 2021",337.5,342.7,335.93,336.76,336.76,"440,100",471
"Jul 30, 2021",333.6,342.68,332.36,335.8,335.8,"642,700",470
"Jul 29, 2021",336,339.3,332.55,334.61,334.61,"561,200",469
"Jul 28, 2021",338.18,341.82,331.55,333.97,333.97,"502,400",468
"Jul 27, 2021",344.06,344.06,329.48,337.52,337.52,"489,600",467
"Jul 26, 2021",342.95,345.72,339.71,344.27,344.27,"459,000",466
"Jul 23, 2021",341.3,344.41,340.33,341.58,341.58,"415,000",465
"Jul 22, 2021",342.18,342.18,337.63,340.32,340.32,"311,400",464
"Jul 21, 2021",336.22,346.8,334.19,341.65,341.65,"596,700",463
"Jul 20, 2021",323.68,336.25,322.28,334.5,334.5,"453,100",462
"Jul 19, 2021",326,327.49,319.05,323.67,323.67,"778,100",461
"Jul 16, 2021",342.83,343.74,330.51,332.12,332.12,"586,400",460
"Jul 15, 2021",340.28,344.83,337.62,340.97,340.97,"416,500",459
"Jul 14, 2021",344.07,349.7,341.4,342.28,342.28,"517,300",458
"Jul 13, 2021",342.07,342.99,338.24,339.31,339.31,"416,300",457
"Jul 12, 2021",341.38,344.5,337.9,342.84,342.84,"581,300",456
"Jul 9, 2021",338.95,344.33,338.95,343.65,343.65,"414,600",455
"Jul 8, 2021",337.16,338.42,326.84,335.33,335.33,"561,800",454
"Jul 7, 2021",352.72,353.92,340.01,340.8,340.8,"659,000",453
"Jul 6, 2021",351.9,352.67,347.12,351.97,351.97,"548,000",452
"Jul 2, 2021",354.65,354.65,347.63,351.9,351.9,"400,100",451
"Jul 1, 2021",346.99,352.65,346.96,348.98,348.98,"626,200",450
"Jun 30, 2021",344.54,346.94,342.19,345.77,345.77,"503,100",449
"Jun 29, 2021",343.18,347.42,342.12,343.77,343.77,"375,800",448
"Jun 28, 2021",350.25,351.46,340.84,343.12,343.12,"672,000",447
"Jun 25, 2021",353.58,356.31,346.28,348.86,348.86,"864,000",446
"Jun 24, 2021",343.39,351.94,343.38,351.85,351.85,"793,700",445
"Jun 23, 2021",334.59,342.8,332.58,341.18,341.18,"710,900",444
"Jun 22, 2021",335.55,338.21,333.11,335.67,335.67,"431,100",443
"Jun 21, 2021",326.92,334.98,326.27,334.9,334.9,"537,100",442
"Jun 18, 2021",325.38,330.77,325.22,327.19,327.19,"932,400",441
"Jun 17, 2021",333.05,334.97,324.34,328.34,328.34,"848,400",440
"Jun 16, 2021",332.07,332.47,325.78,331.83,331.83,"647,800",439
"Jun 15, 2021",335.73,337.42,330.36,332.65,332.65,"391,900",438
"Jun 14, 2021",337.93,338.77,331.79,336.79,336.79,"405,000",437
"Jun 11, 2021",333.13,338.54,332.91,338.46,338.46,"497,700",436
"Jun 10, 2021",333,335.68,329.11,332.01,332.01,"507,000",435
"Jun 9, 2021",341.99,343.7,332.55,332.68,332.68,"524,600",434
"Jun 8, 2021",332.56,342.33,332.56,341.33,341.33,"714,900",433
"Jun 7, 2021",328.7,332.82,327.26,332.8,332.8,"636,600",432
"Jun 4, 2021",334.69,335.26,323.11,326.62,326.62,"926,000",431
"Jun 3, 2021",334.83,335.97,328.28,332.95,332.95,"862,900",430
"Jun 2, 2021",344.57,344.58,333.51,336.79,336.79,"751,800",429
"Jun 1, 2021",346.7,348.36,337.08,343.18,343.18,"1,083,100",428
"May 28, 2021",343.2,351.72,340.61,345.36,345.36,"2,901,600",427
"May 27, 2021",329,329.58,320.32,328.36,328.36,"1,437,300",426
"May 26, 2021",322,328.55,321.46,327.49,327.49,"779,900",425
"May 25, 2021",318.8,323.44,317.13,320.99,320.99,"602,700",424
"May 24, 2021",318.44,319.75,312.35,315.82,315.82,"827,900",423
"May 21, 2021",322.8,324.9,315.5,316.08,316.08,"759,600",422
"May 20, 2021",319.24,321,314.21,318.62,318.62,"777,600",421
"May 19, 2021",322.58,324.36,315.74,319.33,319.33,"602,000",420
"May 18, 2021",330.35,333.16,326.63,326.88,326.88,"587,700",419
"May 17, 2021",327.99,330.89,324.11,329.81,329.81,"767,400",418
"May 14, 2021",312.24,324.99,312.24,324.28,324.28,"821,300",417
"May 13, 2021",304.4,313.91,304.4,311.66,311.66,"740,400",416
"May 12, 2021",309.86,313.5,299.77,302.26,302.26,"798,400",415
"May 11, 2021",316.46,317.74,306.09,312.3,312.3,"1,227,000",414
"May 10, 2021",322.54,330.79,321.93,322.34,322.34,"719,000",413
"May 7, 2021",316.59,323.61,316.26,322.74,322.74,"781,800",412
"May 6, 2021",319.18,321.53,315.12,316.96,316.96,"563,100",411
"May 5, 2021",323.92,324.31,317.56,318.94,318.94,"461,000",410
"May 4, 2021",322.22,322.91,314.73,320.81,320.81,"703,400",409
"May 3, 2021",330.4,334.41,323.99,324.28,324.28,"719,500",408
"Apr 30, 2021",327.93,333.86,326.39,329.35,329.35,"391,700",407
"Apr 29, 2021",329.65,331.29,326.42,328.9,328.9,"425,400",406
"Apr 28, 2021",329.88,330.99,326.37,326.86,326.86,"307,700",405
"Apr 27, 2021",329.96,331.61,328.01,329.15,329.15,"434,600",404
"Apr 26, 2021",331.09,333.9,325.37,328.29,328.29,"553,200",403
"Apr 23, 2021",324.37,329.79,323.39,328.44,328.44,"463,700",402
"Apr 22, 2021",324.75,328.33,320.89,323.81,323.81,"574,600",401
"Apr 21, 2021",316.89,323.7,316.29,322.63,322.63,"543,800",400
"Apr 20, 2021",324.99,327.83,313.18,316.94,316.94,"893,400",399
"Apr 19, 2021",330.24,330.57,325.96,328.26,328.26,"480,500",398
"Apr 16, 2021",329.06,332.15,326.67,330.71,330.71,"594,200",397
"Apr 15, 2021",330.24,331.81,325.89,326.32,326.32,"571,400",396
"Apr 14, 2021",334.98,340.27,328.42,329.05,329.05,"846,600",395
"Apr 13, 2021",327.19,332.73,320.53,332.07,332.07,"818,200",394
"Apr 12, 2021",322.97,328.54,322.01,327.79,327.79,"814,300",393
"Apr 9, 2021",321.28,322.72,318.8,322.22,322.22,"663,000",392
"Apr 8, 2021",318.29,322.7,318.25,320.03,320.03,"794,100",391
"Apr 7, 2021",314.61,319.65,314.61,316.11,316.11,"548,100",390
"Apr 6, 2021",320,323.82,315.23,315.47,315.47,"655,300",389
"Apr 5, 2021",316.11,321,313.13,319.77,319.77,"906,800",388
"Apr 1, 2021",311.43,315.02,307.79,313.62,313.62,"704,000",387
"Mar 31, 2021",306.51,313.65,304.34,309.17,309.17,"731,200",386
"Mar 30, 2021",305.93,312.46,305.29,308,308,"846,600",385
"Mar 29, 2021",301.5,308.43,301.44,306.18,306.18,"1,118,400",384
"Mar 26, 2021",309,309.38,300,303,303,"1,099,300",383
"Mar 25, 2021",299.01,309.38,297.29,306.59,306.59,"1,167,100",382
"Mar 24, 2021",310.96,313.97,300.85,301,301,"803,700",381
"Mar 23, 2021",313.5,314.23,308.26,309.53,309.53,"924,300",380
"Mar 22, 2021",320,321.03,313.2,315.09,315.09,"671,500",379
"Mar 19, 2021",319.41,324.61,317.61,321.84,321.84,"992,000",378
"Mar 18, 2021",319.5,326.8,313.8,319.23,319.23,"829,700",377
"Mar 17, 2021",313.45,320.41,312.36,319,319,"1,162,800",376
"Mar 16, 2021",320.18,320.18,308.69,312.26,312.26,"1,569,100",375
"Mar 15, 2021",318.38,322.88,313.36,322.49,322.49,"1,198,900",374
"Mar 12, 2021",317.4,325.6,306.06,318.15,318.15,"5,235,600",373
"Mar 11, 2021",343,351,341.29,347.5,347.5,"1,548,200",372
"Mar 10, 2021",340.71,343.98,338.43,343.14,343.14,"729,900",371
"Mar 9, 2021",349.61,349.61,338.74,339.05,339.05,"715,600",370
"Mar 8, 2021",341.85,349.21,335.41,345.77,345.77,"1,137,800",369
"Mar 5, 2021",330,335.06,319.24,333.37,333.37,"1,061,400",368
"Mar 4, 2021",333.52,333.88,317.2,324.4,324.4,"904,100",367
"Mar 3, 2021",337.4,343.17,334.23,334.39,334.39,"690,800",366
"Mar 2, 2021",338.87,341.5,335,336.82,336.82,"757,700",365
"Mar 1, 2021",326.77,340.15,326.77,337.42,337.42,"790,100",364
"Feb 26, 2021",329.32,332.27,320.74,322.33,322.33,"736,000",363
"Feb 25, 2021",337.22,338.26,327.46,327.68,327.68,"727,800",362
"Feb 24, 2021",326.05,336.29,324.94,334.08,334.08,"582,900",361
"Feb 23, 2021",327.09,331.29,318.13,328.06,328.06,"561,600",360
"Feb 22, 2021",314.02,335.13,314.02,327.91,327.91,"534,100",359
"Feb 19, 2021",320.12,325.1,319.56,321.79,321.79,"406,100",358
"Feb 18, 2021",321.79,322.21,316.33,318.97,318.97,"530,400",357
"Feb 17, 2021",328.88,329.77,322.23,324.55,324.55,"417,800",356
"Feb 16, 2021",319.82,330.89,317.5,327.77,327.77,"892,700",355
"Feb 12, 2021",320.11,321.23,317.5,319.88,319.88,"278,700",354
"Feb 11, 2021",315.65,322.11,314.7,320.85,320.85,"431,100",353
"Feb 10, 2021",318.27,320.92,312.12,315.7,315.7,"566,500",352
"Feb 9, 2021",314.59,320.68,314.59,319.08,319.08,"513,500",351
"Feb 8, 2021",302.69,316.21,301.56,315.95,315.95,"731,800",350
"Feb 5, 2021",297.9,303.37,297,302.03,302.03,"672,600",349
"Feb 4, 2021",289.73,295.85,289.73,295.59,295.59,"289,800",348
"Feb 3, 2021",287.83,294.72,287.76,288.98,288.98,"445,000",347
"Feb 2, 2021",284.21,291,284.21,287.15,287.15,"609,500",346
"Feb 1, 2021",282.03,283.17,276,282.21,282.21,"699,000",345
"Jan 29, 2021",290.1,291.01,279.5,279.76,279.76,"708,400",344
"Jan 28, 2021",290.38,295,288.8,290.82,290.82,"532,300",343
"Jan 27, 2021",286.41,291.36,281.28,287.44,287.44,"702,300",342
"Jan 26, 2021",297.66,297.9,290.87,295.72,295.72,"548,700",341
"Jan 25, 2021",299.54,303.54,293.74,295.74,295.74,"723,400",340
"Jan 22, 2021",299.08,308.06,298.09,299.92,299.92,"595,300",339
"Jan 21, 2021",293.92,305.7,293.5,300.24,300.24,"662,800",338
"Jan 20, 2021",294.65,296.86,290.7,295.4,295.4,"634,600",337
"Jan 19, 2021",305.01,310.49,291.19,293.17,293.17,"873,800",336
"Jan 15, 2021",300.16,305.95,298.51,301.85,301.85,"1,110,100",335
"Jan 14, 2021",296.62,305.2,294.79,301.79,301.79,"791,900",334
"Jan 13, 2021",294.4,295.05,292.2,294.01,294.01,"499,700",333
"Jan 12, 2021",291.38,294.82,288.96,294.22,294.22,"550,100",332
"Jan 11, 2021",290.36,294.74,288.19,290.18,290.18,"605,300",331
"Jan 8, 2021",292.74,297.59,290.73,294.26,294.26,"692,500",330
"Jan 7, 2021",292.58,295.63,289,292.42,292.42,"686,200",329
"Jan 6, 2021",282.64,292.6,281,291.19,291.19,"770,700",328
"Jan 5, 2021",282,284.57,277.85,280.36,280.36,"754,400",327
"Jan 4, 2021",287.16,289.65,280.09,282.47,282.47,"1,010,000",326
"Dec 31, 2020",282.55,288,279.83,287.16,287.16,"632,000",325
"Dec 30, 2020",276.19,284.84,276.19,282.98,282.98,"778,900",324
"Dec 29, 2020",279.9,282.42,275.21,277.34,277.34,"593,300",323
"Dec 28, 2020",266.61,279.43,265.05,278.17,278.17,"1,039,500",322
"Dec 24, 2020",267.33,268.39,263.93,264.64,264.64,"271,100",321
"Dec 23, 2020",267.75,272.53,267.4,268.46,268.46,"578,500",320
"Dec 22, 2020",268.11,269.65,262.86,265.09,265.09,"584,600",319
"Dec 21, 2020",260.78,269.37,258,268.14,268.14,"756,400",318
"Dec 18, 2020",272.01,273.69,266.57,268.43,268.43,"2,629,500",317
"Dec 17, 2020",271,273.65,268.19,272.78,272.78,"755,500",316
"Dec 16, 2020",268.44,271.37,265.75,269.92,269.92,"776,200",315
"Dec 15, 2020",268.7,268.93,261.43,267.55,267.55,"557,400",314
"Dec 14, 2020",269.08,272,265.08,265.79,265.79,"795,700",313
"Dec 11, 2020",269.96,269.96,263.17,265.39,265.39,"1,053,900",312
"Dec 10, 2020",274,274.81,271.08,272.13,272.13,"563,100",311
"Dec 9, 2020",271.75,277.04,270.24,275.66,275.66,"921,100",310
"Dec 8, 2020",270.57,273.91,267.67,272,272,"961,200",309
"Dec 7, 2020",278.1,278.17,269.64,273.26,273.26,"1,271,900",308
"Dec 4, 2020",280.25,289.9,276.56,279.54,279.54,"2,707,400",307
"Dec 3, 2020",283.95,293.52,282.44,289.53,289.53,"2,042,300",306
"Dec 2, 2020",276.02,283,273,282,282,"1,005,800",305
"Dec 1, 2020",273.84,281.1,270.74,279.53,279.53,"991,900",304
"Nov 30, 2020",282.65,283.97,274.56,275.4,275.4,"1,577,800",303
"Nov 27, 2020",281.26,284.27,277.64,281.29,281.29,"579,200",302
"Nov 25, 2020",279.68,280.87,272.73,279.54,279.54,"814,200",301
"Nov 24, 2020",280.5,287.03,279.55,284.71,284.71,"1,001,000",300
"Nov 23, 2020",275.69,284.34,273.78,282.87,282.87,"1,005,800",299
"Nov 20, 2020",271.09,278.03,271.09,273.65,273.65,"680,200",298
"Nov 19, 2020",272.08,277.77,268.74,274.86,274.86,"746,500",297
"Nov 18, 2020",276.15,287.24,274.08,274.21,274.21,"1,137,900",296
"Nov 17, 2020",272.53,278.83,266.7,276.2,276.2,"1,057,900",295
"Nov 16, 2020",270,276.91,262.61,275.29,275.29,"1,226,300",294
"Nov 13, 2020",250.92,263.78,249.18,262.35,262.35,"1,429,700",293
"Nov 12, 2020",255.6,258,245.62,248.08,248.08,"1,055,900",292
"Nov 11, 2020",264.52,264.52,251.7,255.42,255.42,"1,394,600",291
"Nov 10, 2020",262.61,273.69,257.87,265.49,265.49,"3,573,800",290
"Nov 9, 2020",239.49,276.05,239.3,247.2,247.2,"3,557,900",289
"Nov 6, 2020",214.99,216.07,210.01,215.02,215.02,"661,500",288
"Nov 5, 2020",221.23,222.5,213.7,214.26,214.26,"876,200",287
"Nov 4, 2020",217.52,222.51,216.5,217.32,217.32,"711,700",286
"Nov 3, 2020",213.82,218.85,212.47,217.53,217.53,"898,200",285
"Nov 2, 2020",209,211.44,206.8,210.78,210.78,"961,200",284
"Oct 30, 2020",203.85,207.89,201.11,206.77,206.77,"904,500",283
"Oct 29, 2020",201.32,208.24,201,205.62,205.62,"833,900",282
"Oct 28, 2020",209.95,209.95,200.5,201.43,201.43,"1,456,400",281
"Oct 27, 2020",220.1,221.64,213.19,213.38,213.38,"822,800",280
"Oct 26, 2020",231.32,231.8,214.9,220.97,220.97,"1,399,100",279
"Oct 23, 2020",236.59,236.59,231.34,235.11,235.11,"628,000",278
"Oct 22, 2020",233.87,236.04,227.74,236,236,"653,400",277
"Oct 21, 2020",233.14,235.16,228.51,232.85,232.85,"633,400",276
"Oct 20, 2020",237.09,237.92,231.7,232.73,232.73,"677,600",275
"Oct 19, 2020",243,245.69,234.56,235.45,235.45,"757,200",274
"Oct 16, 2020",240.59,243.37,237.16,242,242,"630,400",273
"Oct 15, 2020",235.7,239.99,234.17,238.94,238.94,"490,300",272
"Oct 14, 2020",239.99,244.13,238.42,239.67,239.67,"518,700",271
"Oct 13, 2020",237.65,241.45,235.42,238.4,238.4,"584,900",270
"Oct 12, 2020",235.45,242.78,234.06,237.9,237.9,"921,500",269
"Oct 9, 2020",239.34,240.64,232.78,233.55,233.55,"695,600",268
"Oct 8, 2020",232.56,238.27,231.67,237.42,237.42,"668,200",267
"Oct 7, 2020",229.17,232.32,226.49,229.49,229.49,"907,200",266
"Oct 6, 2020",234.95,235.92,225.02,225.58,225.58,"893,500",265
"Oct 5, 2020",230.48,234.71,227.71,233.78,233.78,"772,800",264
"Oct 2, 2020",223.94,230.98,222.98,228.68,228.68,"940,700",263
"Oct 1, 2020",226.96,229.51,224.54,228.63,228.63,"704,000",262
"Sep 30, 2020",223.43,229.13,222.16,223.98,223.98,"751,200",261
"Sep 29, 2020",224.96,225.93,218.48,222.88,222.88,"675,500",260
"Sep 28, 2020",221.69,227.93,219.07,225.74,225.74,"765,600",259
"Sep 25, 2020",215,218.28,212.33,216.83,216.83,"692,600",258
"Sep 24, 2020",215.85,221.87,212.06,215.59,215.59,"758,300",257
"Sep 23, 2020",224.15,228.14,216.18,217.04,217.04,"810,700",256
"Sep 22, 2020",227.2,230.5,222.1,223.96,223.96,"701,900",255
"Sep 21, 2020",226.79,227.08,220.53,225.88,225.88,"900,500",254
"Sep 18, 2020",236.74,238.63,230.07,231.74,231.74,"982,500",253
"Sep 17, 2020",235.92,238.9,232.51,234.73,234.73,"803,400",252
"Sep 16, 2020",238.72,244,233.25,239.94,239.94,"1,012,700",251
"Sep 15, 2020",236.11,241.23,235.86,237.32,237.32,"745,600",250
"Sep 14, 2020",231,234.63,230.19,234.14,234.14,"796,900",249
"Sep 11, 2020",233.43,233.97,223.4,228.9,228.9,"867,300",248
"Sep 10, 2020",239.27,242.9,231.59,232.1,232.1,"897,600",247
"Sep 9, 2020",233.72,237.13,232.2,235.4,235.4,"990,300",246
"Sep 8, 2020",234.17,239.72,233.03,233.25,233.25,"976,200",245
"Sep 4, 2020",239.33,244,236.23,240.51,240.51,"1,142,500",244
"Sep 3, 2020",237.98,242.58,234.73,238.04,238.04,"973,400",243
"Sep 2, 2020",233.61,238.14,230,237.66,237.66,"904,200",242
"Sep 1, 2020",230.53,233.1,227.82,232.88,232.88,"1,111,200",241
"Aug 31, 2020",235.2,237.7,230.8,232.18,232.18,"1,307,600",240
"Aug 28, 2020",253.95,256.6,234.55,237.02,237.02,"6,579,300",239
"Aug 27, 2020",222.49,226.14,219.61,223.95,223.95,"2,733,000",238
"Aug 26, 2020",219.02,223.49,216.06,220.76,220.76,"1,023,300",237
"Aug 25, 2020",223.27,224,217.5,219.78,219.78,"870,300",236
"Aug 24, 2020",214.94,222.5,210.48,222.5,222.5,"1,195,400",235
"Aug 21, 2020",204.39,215.2,203.99,214,214,"1,456,400",234
"Aug 20, 2020",208.5,210.01,203.9,205.4,205.4,"1,344,900",233
"Aug 19, 2020",215.24,218.37,212.17,213.36,213.36,"845,900",232
"Aug 18, 2020",222.87,223.58,215.79,216.24,216.24,"927,100",231
"Aug 17, 2020",226.43,229,220.44,224.08,224.08,"701,200",230
"Aug 14, 2020",222.52,226.59,219.13,225.42,225.42,"734,500",229
"Aug 13, 2020",215.53,223.11,215.53,222.42,222.42,"739,500",228
"Aug 12, 2020",217.84,218.72,212.33,217.78,217.78,"584,200",227
"Aug 11, 2020",221.93,226.36,214.67,216.19,216.19,"1,148,900",226
"Aug 10, 2020",205.36,220.45,205.02,219.12,219.12,"1,666,000",225
"Aug 7, 2020",204,204.37,201.41,203.88,203.88,"564,400",224
"Aug 6, 2020",200.85,206.6,200.85,204.01,204.01,"816,800",223
"Aug 5, 2020",199.88,203.3,198.11,201.96,201.96,"913,400",222
"Aug 4, 2020",191.58,199.11,191.29,198.49,198.49,"1,099,400",221
"Aug 3, 2020",193.14,193.69,188.18,191.29,191.29,"1,238,500",220
"Jul 31, 2020",198.53,199.27,190.84,192.99,192.99,"1,306,900",219
"Jul 30, 2020",200.26,200.77,196.21,198.61,198.61,"938,600",218
"Jul 29, 2020",198.91,205.5,198.53,203.02,203.02,"720,200",217
"Jul 28, 2020",198.75,202.16,197.18,197.56,197.56,"595,100",216
"Jul 27, 2020",202.25,202.54,195.77,198.84,198.84,"1,253,700",215
"Jul 24, 2020",204.49,206.32,202.45,203.71,203.71,"645,900",214
"Jul 23, 2020",204.62,209.17,203.12,205.64,205.64,"944,800",213
"Jul 22, 2020",201.43,206.07,200.59,205.44,205.44,"749,700",212
"Jul 21, 2020",198,207.85,196.25,201.96,201.96,"1,273,700",211
"Jul 20, 2020",202.13,202.4,196,200.06,200.06,"742,600",210
"Jul 17, 2020",203.07,206.5,201.9,203,203,"734,100",209
"Jul 16, 2020",200.38,203.83,200.37,203.18,203.18,"830,400",208
"Jul 15, 2020",199.05,205.24,197.75,203.81,203.81,"1,331,300",207
"Jul 14, 2020",191.8,193.34,186.98,191.94,191.94,"1,410,700",206
"Jul 13, 2020",197.88,199.36,192.46,192.71,192.71,"1,236,800",205
"Jul 10, 2020",193.13,196.53,191.84,195.99,195.99,"1,641,500",204
"Jul 9, 2020",201.95,202.14,191.09,192.3,192.3,"1,257,200",203
"Jul 8, 2020",202.3,204.43,199.3,202.02,202.02,"999,800",202
"Jul 7, 2020",205.61,206.83,201.19,202.93,202.93,"974,800",201
"Jul 6, 2020",207.15,209.43,204.33,209,209,"985,700",200
"Jul 2, 2020",207.84,208.43,202.1,203.59,203.59,"789,600",199
"Jul 1, 2020",202.62,209.85,200.83,203.57,203.57,"1,223,300",198
"Jun 30, 2020",198.5,204.15,196.1,203.42,203.42,"1,461,000",197
"Jun 29, 2020",191,200.33,186.01,198.63,198.63,"1,967,100",196
"Jun 26, 2020",193.63,193.96,188.9,189.99,189.99,"2,182,400",195
"Jun 25, 2020",198.33,198.8,191.66,194.2,194.2,"2,081,200",194
"Jun 24, 2020",205,206.43,194.12,200,200,"2,011,000",193
"Jun 23, 2020",208.24,209.77,205.69,206.7,206.7,"1,624,900",192
"Jun 22, 2020",214,214.11,205.08,205.49,205.49,"1,770,500",191
"Jun 19, 2020",227.62,229.3,208.51,212.19,212.19,"2,438,500",190
"Jun 18, 2020",221.57,224.09,217.51,218.97,218.97,"1,071,300",189
"Jun 17, 2020",226.87,229.84,222.42,223.65,223.65,"1,235,400",188
"Jun 16, 2020",235,236.16,225,225.9,225.9,"1,207,900",187
"Jun 15, 2020",218.71,225.8,214.5,225.49,225.49,"1,051,500",186
"Jun 12, 2020",232.4,236.31,222.58,226.63,226.63,"1,001,000",185
"Jun 11, 2020",225.28,230.78,223.06,225.88,225.88,"1,408,700",184
"Jun 10, 2020",245.67,246.84,236.47,238.41,238.41,"1,043,500",183
"Jun 9, 2020",248.44,249,244.18,244.68,244.68,"724,500",182
"Jun 8, 2020",255.91,256.79,250.44,254.57,254.57,"1,018,000",181
"Jun 5, 2020",256.86,258.18,249.74,252.08,252.08,"1,189,000",180
"Jun 4, 2020",250.5,255.83,244.28,247.98,247.98,"1,456,600",179
"Jun 3, 2020",244.47,254.37,242,252.3,252.3,"1,112,300",178
"Jun 2, 2020",242.16,242.95,237.05,241.22,241.22,"1,334,100",177
"Jun 1, 2020",246.49,250.57,236.01,239.09,239.09,"1,461,900",176
"May 29, 2020",240.61,246.41,231.51,244.01,244.01,"2,620,900",175
"May 28, 2020",251.66,252.89,241,243.31,243.31,"1,652,800",174
"May 27, 2020",244.43,252.38,239.26,251.63,251.63,"1,640,500",173
"May 26, 2020",230.36,239.09,228.41,237.98,237.98,"1,784,100",172
"May 22, 2020",223.29,223.64,216.29,220.62,220.62,"1,052,000",171
"May 21, 2020",213.36,224.48,210.74,222.76,222.76,"1,869,400",170
"May 20, 2020",213,215.26,210,213.48,213.48,"975,300",169
"May 19, 2020",213.01,213.01,204.33,210.22,210.22,"970,800",168
"May 18, 2020",210.6,218.46,210.6,212.57,212.57,"1,198,700",167
"May 15, 2020",199.77,205.45,197.51,200.45,200.45,"1,121,600",166
"May 14, 2020",194,201.81,188.1,200.97,200.97,"1,563,700",165
"May 13, 2020",211.92,212,195.06,197.61,197.61,"1,953,800",164
"May 12, 2020",228.65,228.65,211.58,211.9,211.9,"1,589,700",163
"May 11, 2020",227.47,234.6,226.69,230.36,230.36,"737,900",162
"May 8, 2020",225.64,230.37,223.44,230.07,230.07,"635,000",161
"May 7, 2020",222.28,226.76,221.37,222.16,222.16,"661,400",160
"May 6, 2020",220.65,221.88,217.48,218.27,218.27,"488,300",159
"May 5, 2020",219.22,220.8,216,218.21,218.21,"770,300",158
"May 4, 2020",211.68,216.02,206.6,215.48,215.48,"976,700",157
"May 1, 2020",212.9,217.82,209.12,214.28,214.28,"581,800",156
"Apr 30, 2020",220.74,226.35,216.42,217.92,217.92,"960,600",155
"Apr 29, 2020",224,230.67,223.01,226.16,226.16,"1,108,100",154
"Apr 28, 2020",212.3,221.61,210.66,218.68,218.68,"1,197,000",153
"Apr 27, 2020",212.9,214.27,207.33,208.09,208.09,"818,400",152
"Apr 24, 2020",211.08,212.96,203.06,210.52,210.52,"1,292,600",151
"Apr 23, 2020",210.56,217.77,210.23,210.68,210.68,"775,200",150
"Apr 22, 2020",205.52,210.75,203.5,208.71,208.71,"731,100",149
"Apr 21, 2020",201,206.02,200.1,201.57,201.57,"842,400",148
"Apr 20, 2020",209.19,213.03,207,208.07,208.07,"896,100",147
"Apr 17, 2020",220.8,222.94,208.26,215.51,215.51,"1,095,200",146
"Apr 16, 2020",204.76,209.74,201.49,208.92,208.92,"1,026,000",145
"Apr 15, 2020",195.58,202,194.33,201.52,201.52,"972,000",144
"Apr 14, 2020",206.27,210.94,203.3,205,205,"1,003,500",143
"Apr 13, 2020",202.75,203.53,195.49,202.6,202.6,"999,500",142
"Apr 9, 2020",210,215.55,199.01,202.48,202.48,"1,470,200",141
"Apr 8, 2020",189.25,202.75,187.49,200.57,200.57,"1,933,200",140
"Apr 7, 2020",204.91,210,185.15,187.55,187.55,"1,870,100",139
"Apr 6, 2020",168.11,189.79,168.11,188.68,188.68,"1,933,300",138
"Apr 3, 2020",160.34,163.43,154.96,156.74,156.74,"1,269,300",137
"Apr 2, 2020",158.76,164.8,153.29,161.35,161.35,"1,233,400",136
"Apr 1, 2020",167.94,172.73,159.86,161.5,161.5,"1,177,500",135
"Mar 31, 2020",175.29,181,174.01,175.7,175.7,"1,073,800",134
"Mar 30, 2020",179.51,182.68,166.6,179.71,179.71,"1,223,600",133
"Mar 27, 2020",178.01,182.31,171.47,174.45,174.45,"1,600,200",132
"Mar 26, 2020",194.87,201.75,184.56,188.83,188.83,"1,944,300",131
"Mar 25, 2020",180,201.3,180,191.88,191.88,"2,198,900",130
"Mar 24, 2020",157.98,179.15,154.05,177.59,177.59,"2,001,500",129
"Mar 23, 2020",149.45,155,140.34,143.24,143.24,"1,596,500",128
"Mar 20, 2020",156.35,164.95,143.9,148.06,148.06,"3,077,400",127
"Mar 19, 2020",128.81,153.65,124.33,146.99,146.99,"2,638,300",126
"Mar 18, 2020",144.72,149.06,124.05,128.52,128.52,"2,367,200",125
"Mar 17, 2020",164.16,164.83,141.27,154.6,154.6,"2,258,300",124
"Mar 16, 2020",183.02,187.99,160,161.54,161.54,"1,936,500",123
"Mar 13, 2020",227.19,229.25,193.65,207.06,207.06,"2,502,700",122
"Mar 12, 2020",198.92,214.14,190.83,198.54,198.54,"2,371,300",121
"Mar 11, 2020",232.57,234.61,218.4,221.21,221.21,"1,416,500",120
"Mar 10, 2020",245.71,248.52,224.31,239.06,239.06,"1,074,400",119
"Mar 9, 2020",237.44,244.14,230,235.7,235.7,"1,823,500",118
"Mar 6, 2020",252.41,258.09,248.15,256.58,256.58,"1,230,300",117
"Mar 5, 2020",260.96,263.67,252.97,257.14,257.14,"1,096,700",116
"Mar 4, 2020",260.32,269.3,258.76,268.84,268.84,"913,200",115
"Mar 3, 2020",259.33,267,255.68,256.7,256.7,"1,062,800",114
"Mar 2, 2020",256.35,261,249.01,260.99,260.99,"1,148,500",113
"Feb 28, 2020",257.52,262.47,252.09,257.09,257.09,"1,407,200",112
"Feb 27, 2020",266.7,271.84,261.88,265.38,265.38,"1,047,700",111
"Feb 26, 2020",279.87,280.7,272.35,272.76,272.76,"771,500",110
"Feb 25, 2020",287.53,288.75,277.15,277.99,277.99,"974,300",109
"Feb 24, 2020",290.15,294.73,283.59,285.57,285.57,"886,000",108
"Feb 21, 2020",299.76,302.89,298,299.4,299.4,"661,700",107
"Feb 20, 2020",296.05,301.98,294.31,301.34,301.34,"641,900",106
"Feb 19, 2020",299.9,300.95,296.71,296.86,296.86,"447,000",105
"Feb 18, 2020",295.46,300.05,294.19,298.71,298.71,"518,300",104
"Feb 14, 2020",297.3,299.03,293.44,294.57,294.57,"450,000",103
"Feb 13, 2020",298.03,300.99,295.5,297.09,297.09,"594,700",102
"Feb 12, 2020",294.16,304.65,294,299.3,299.3,"920,500",101
"Feb 11, 2020",294.89,295.38,290.03,293.78,293.78,"687,900",100
"Feb 10, 2020",295,297.42,291.73,293.25,293.25,"767,600",99
"Feb 7, 2020",292.16,297.34,290.25,295.96,295.96,"1,277,800",98
"Feb 6, 2020",279.81,293.39,279.51,293.05,293.05,"1,600,100",97
"Feb 5, 2020",275.55,280.06,274.44,278.18,278.18,"687,500",96
"Feb 4, 2020",277.52,279.88,272.86,273.52,273.52,"961,700",95
"Feb 3, 2020",273,280,272.16,274.96,274.96,"947,900",94
"Jan 31, 2020",274.27,274.27,266.74,267.91,267.91,"730,800",93
"Jan 30, 2020",270.55,275,270.15,274.49,274.49,"621,400",92
"Jan 29, 2020",274.5,275.69,271.11,273.98,273.98,"477,000",91
"Jan 28, 2020",275,277.26,271.78,273.87,273.87,"636,100",90
"Jan 27, 2020",267.36,276.51,266.21,273.7,273.7,"837,800",89
"Jan 24, 2020",272.26,275.24,270.87,272.98,272.98,"786,300",88
"Jan 23, 2020",273.73,274.39,268.93,272.2,272.2,"904,400",87
"Jan 22, 2020",273.38,276.19,272.5,273.97,273.97,"1,068,300",86
"Jan 21, 2020",272.89,276.84,269.75,272.01,272.01,"1,093,900",85
"Jan 17, 2020",278,278.19,271.18,272.89,272.89,"805,500",84
"Jan 16, 2020",277.99,280.16,276.35,277,277,"715,300",83
"Jan 15, 2020",282.63,284.06,275.8,276.2,276.2,"1,469,100",82
"Jan 14, 2020",276.35,283.16,276.17,282.62,282.62,"1,479,900",81
"Jan 13, 2020",269.24,279.45,269.05,275.7,275.7,"1,893,900",80
"Jan 10, 2020",264.18,267.3,262.44,267.28,267.28,"1,453,900",79
"Jan 9, 2020",259.67,266.32,259.4,263.5,263.5,"1,580,100",78
"Jan 8, 2020",252.45,259.18,252.45,258,258,"1,123,400",77
"Jan 7, 2020",250.41,254.84,250.01,253.09,253.09,"1,157,500",76
"Jan 6, 2020",248.71,251.09,246.74,250.95,250.95,"880,500",75
"Jan 3, 2020",252.28,252.48,249.22,250.17,250.17,"921,300",74
"Jan 2, 2020",254.32,254.83,250.65,254.55,254.55,"1,182,300",73
"Dec 31, 2019",251.29,253.7,250.31,253.14,253.14,"773,800",72
"Dec 30, 2019",253.18,254.05,249.71,251.35,251.35,"652,900",71
"Dec 27, 2019",252.62,255.62,251.75,253.17,253.17,"744,500",70
"Dec 26, 2019",253,255.49,248.78,251.33,251.33,"776,800",69
"Dec 24, 2019",253.22,257.69,252.22,252.49,252.49,"534,400",68
"Dec 23, 2019",252.05,253.55,250.84,253.02,253.02,"996,600",67
"Dec 20, 2019",251.18,251.18,247.56,250.5,250.5,"1,983,600",66
"Dec 19, 2019",251.42,251.88,247.05,250.69,250.69,"1,126,100",65
"Dec 18, 2019",256.22,256.49,249,250.07,250.07,"1,319,700",64
"Dec 17, 2019",249,256.08,248.8,255.96,255.96,"1,042,500",63
"Dec 16, 2019",254.53,255.84,248.35,249.1,249.1,"1,025,400",62
"Dec 13, 2019",259.4,260.22,253.4,253.5,253.5,"993,000",61
"Dec 12, 2019",252.51,259.62,250.91,258.87,258.87,"1,208,700",60
"Dec 11, 2019",250.27,251.79,245.92,251.64,251.64,"1,170,900",59
"Dec 10, 2019",251.7,252.73,248.58,250.37,250.37,"1,739,800",58
"Dec 9, 2019",260.39,260.84,252.52,252.64,252.64,"2,728,100",57
"Dec 6, 2019",256.86,269.89,254.4,262.2,262.2,"6,788,500",56
"Dec 5, 2019",241.1,244.28,234.69,236.02,236.02,"2,806,700",55
"Dec 4, 2019",238.49,242.45,237.51,239.43,239.43,"1,354,300",54
"Dec 3, 2019",235.24,238.11,234.26,237.1,237.1,"1,116,500",53
"Dec 2, 2019",233.37,237.19,232.62,236.27,236.27,"1,104,500",52
"Nov 29, 2019",234.36,236.51,232.82,233.86,233.86,"661,100",51
"Nov 27, 2019",237.47,242.43,233.48,233.98,233.98,"1,405,000",50
"Nov 26, 2019",231.13,236.85,231.13,235.97,235.97,"1,539,100",49
"Nov 25, 2019",227.81,231.51,222,231.21,231.21,"2,186,000",48
"Nov 22, 2019",229,231.95,227.13,228.86,228.86,"1,840,100",47
"Nov 21, 2019",234.35,237.64,226.71,228.49,228.49,"2,381,500",46
"Nov 20, 2019",236.83,236.95,231.97,234.29,234.29,"1,754,100",45
"Nov 19, 2019",243.79,243.85,238.28,239.6,239.6,"1,107,500",44
"Nov 18, 2019",245.47,245.99,242.76,244.33,244.33,"807,100",43
"Nov 15, 2019",243.14,246.73,240.13,246.3,246.3,"869,600",42
"Nov 14, 2019",244.95,245.66,241.35,242.87,242.87,"709,400",41
"Nov 13, 2019",241.99,245.14,238.64,244.04,244.04,"578,600",40
"Nov 12, 2019",241.16,246.1,239.74,243.97,243.97,"865,400",39
"Nov 11, 2019",238.78,243.68,238.78,241.96,241.96,"606,900",38
"Nov 8, 2019",242.23,243.2,238.3,239.29,239.29,"849,600",37
"Nov 7, 2019",246.59,248.88,243.45,243.77,243.77,"760,900",36
"Nov 6, 2019",246.11,246.75,241.35,243.99,243.99,"619,500",35
"Nov 5, 2019",237.51,247.64,237.51,245.42,245.42,"1,509,100",34
"Nov 4, 2019",233.95,237.58,232.09,237.19,237.19,"1,881,300",33
"Nov 1, 2019",235.16,235.47,232.9,233.11,233.11,"1,528,200",32
"Oct 31, 2019",239.96,240.25,229.79,233.15,233.15,"2,429,800",31
"Oct 30, 2019",241.76,241.77,238.18,240.25,240.25,"587,000",30
"Oct 29, 2019",242.08,243.98,237.37,242.11,242.11,"898,300",29
"Oct 28, 2019",240,246.6,240,241.74,241.74,"1,159,800",28
"Oct 25, 2019",238.38,242.48,237.73,240.9,240.9,"655,700",27
"Oct 24, 2019",237.77,240.85,236.27,238.93,238.93,"885,900",26
"Oct 23, 2019",237.41,238.24,231.08,237.87,237.87,"951,800",25
"Oct 22, 2019",236.26,240.38,236.26,236.91,236.91,"989,100",24
"Oct 21, 2019",240.57,241.04,235.24,235.3,235.3,"1,673,400",23
"Oct 18, 2019",246.8,247.24,239.8,239.92,239.92,"1,313,200",22
"Oct 17, 2019",244.97,251.67,244.97,248.1,248.1,"1,152,100",21
"Oct 16, 2019",245.71,247.73,243.51,244.98,244.98,"722,500",20
"Oct 15, 2019",247.01,249.19,244.25,245.4,245.4,"720,400",19
"Oct 14, 2019",247.07,249.39,245.8,246.57,246.57,"763,300",18
"Oct 11, 2019",245.41,249.55,244.12,248.46,248.46,"1,241,800",17
"Oct 10, 2019",237.65,242.3,237.02,241.75,241.75,"1,134,300",16
"Oct 9, 2019",238.14,240.67,235.67,238.04,238.04,"1,482,600",15
"Oct 8, 2019",240.06,240.99,235.2,237.03,237.03,"3,518,800",14
"Oct 7, 2019",250.25,250.98,242.32,242.75,242.75,"2,291,100",13
"Oct 4, 2019",257.71,258.09,250.26,250.6,250.6,"1,713,600",12
"Oct 3, 2019",263.37,265.21,250.65,257.43,257.43,"2,242,300",11
"Oct 2, 2019",263.31,264,256.89,262.79,262.79,"2,309,400",10
"Oct 1, 2019",253.45,267.25,253.01,265.99,265.99,"4,303,500",9
"Sep 30, 2019",245.58,251.76,245,250.65,250.65,"2,313,000",8
"Sep 27, 2019",238.14,246.46,237.4,244.4,244.4,"2,086,000",7
"Sep 26, 2019",236.4,238.53,234.75,236.31,236.31,"1,188,200",6
"Sep 25, 2019",238.75,239.43,233.28,235.54,235.54,"1,417,300",5
"Sep 24, 2019",237.89,241.3,235.29,239.48,239.48,"2,321,800",4
"Sep 23, 2019",229.55,239.92,229.27,237.31,237.31,"2,358,300",3
"Sep 20, 2019",229.79,232.26,227.65,228.75,228.75,"1,947,000",2
"Sep 19, 2019",229.6,232.7,228.61,230.07,230.07,"1,103,200",1
"Sep 18, 2019",233.74,233.74,227.38,229.34,229.34,"1,678,500",0